ID,label
1.jpg,s1O2
2.jpg,YiVL
3.jpg,pCr6
4.jpg,TzMg
5.jpg,xFrE
6.jpg,zAhH
7.jpg,myRH
8.jpg,ekY4
9.jpg,Q0JI
10.jpg,8bud
11.jpg,OPRp
12.jpg,KlN6
13.jpg,u38E
14.jpg,utZh
15.jpg,DEnE
16.jpg,UHur
17.jpg,wZw2
18.jpg,TbrZ
19.jpg,djyJ
20.jpg,EydQ
21.jpg,rVYt
22.jpg,dPX9
23.jpg,E09m
24.jpg,TUdT
25.jpg,Egzc
26.jpg,ldof
27.jpg,1Ars
28.jpg,oPVJ
29.jpg,jhVp
30.jpg,1sGC
31.jpg,b86y
32.jpg,lFRz
33.jpg,wgKF
34.jpg,Wnyh
35.jpg,V7T8
36.jpg,hUhM
37.jpg,xqyh
38.jpg,jQIv
39.jpg,D2Jn
40.jpg,dHUl
41.jpg,LWBh
42.jpg,WG79
43.jpg,inCn
44.jpg,lLCy
45.jpg,wf8T
46.jpg,uwe4
47.jpg,0pMr
48.jpg,QRTy
49.jpg,KBVn
50.jpg,pBKf
51.jpg,5ryV
52.jpg,W7YK
53.jpg,yEMx
54.jpg,DKmm
55.jpg,Htrz
56.jpg,aWOb
57.jpg,KGlQ
58.jpg,MUKZ
59.jpg,U1Cj
60.jpg,DNlz
61.jpg,3741
62.jpg,BkEA
63.jpg,3b4Q
64.jpg,9Y2g
65.jpg,6lMC
66.jpg,y3HI
67.jpg,OckF
68.jpg,LhIy
69.jpg,AY4V
70.jpg,1KRT
71.jpg,QQRT
72.jpg,FYAW
73.jpg,HAY9
74.jpg,tAZD
75.jpg,9qTj
76.jpg,Haef
77.jpg,Gveg
78.jpg,nYxr
79.jpg,PXXa
80.jpg,4NzA
81.jpg,Gtyq
82.jpg,mIml
83.jpg,RoFf
84.jpg,ydXH
85.jpg,Gdqb
86.jpg,vFHr
87.jpg,wuDS
88.jpg,BwRN
89.jpg,BAV6
90.jpg,yjr0
91.jpg,v0we
92.jpg,l2n2
93.jpg,BUn6
94.jpg,lRgT
95.jpg,t0GX
96.jpg,ksXs
97.jpg,DOhV
98.jpg,VQhx
99.jpg,MY1A
100.jpg,g16l
101.jpg,Q9k3
102.jpg,BmvY
103.jpg,GSwh
104.jpg,u6pf
105.jpg,cTml
106.jpg,N6HE
107.jpg,8d5S
108.jpg,n3Lb
109.jpg,Tm5s
110.jpg,GPJm
111.jpg,6asA
112.jpg,Ih5Z
113.jpg,3ayf
114.jpg,9T57
115.jpg,QXMD
116.jpg,nLnH
117.jpg,tnXd
118.jpg,NLBp
119.jpg,RiuW
120.jpg,bUhR
121.jpg,aRX7
122.jpg,dh8Z
123.jpg,FOi1
124.jpg,A07c
125.jpg,msQB
126.jpg,VENn
127.jpg,0Jdl
128.jpg,B36o
129.jpg,ZOZ4
130.jpg,xa4k
131.jpg,T0GC
132.jpg,AqVV
133.jpg,dDJs
134.jpg,rUTq
135.jpg,7oyr
136.jpg,B3yu
137.jpg,78XM
138.jpg,dsLa
139.jpg,lAoi
140.jpg,4lbY
141.jpg,VzFC
142.jpg,7Bq9
143.jpg,R3jE
144.jpg,fLng
145.jpg,A8dp
146.jpg,NZ3n
147.jpg,tVmK
148.jpg,4aPj
149.jpg,nyyo
150.jpg,mx6V
151.jpg,SpAo
152.jpg,lsHx
153.jpg,e4KN
154.jpg,zIzW
155.jpg,UuGp
156.jpg,tJHS
157.jpg,rLwP
158.jpg,j6jl
159.jpg,KMV8
160.jpg,quui
161.jpg,i8pE
162.jpg,UgaH
163.jpg,Z4hP
164.jpg,so0x
165.jpg,sOaf
166.jpg,2uGe
167.jpg,88f2
168.jpg,6znk
169.jpg,51d2
170.jpg,bTLn
171.jpg,yEHS
172.jpg,XUfU
173.jpg,C0Rm
174.jpg,0iVB
175.jpg,4XpO
176.jpg,QfAZ
177.jpg,0S6s
178.jpg,vP6q
179.jpg,OsNn
180.jpg,bbO3
181.jpg,A2cZ
182.jpg,E0aB
183.jpg,SBsE
184.jpg,ATIB
185.jpg,u5ts
186.jpg,LkT8
187.jpg,adNn
188.jpg,LsLs
189.jpg,OAfr
190.jpg,z61p
191.jpg,rIxH
192.jpg,AkK1
193.jpg,5zDC
194.jpg,kJMV
195.jpg,O8zT
196.jpg,NK7A
197.jpg,rNFp
198.jpg,k6r7
199.jpg,bbXd
200.jpg,hYTE
201.jpg,gHJf
202.jpg,Tv5P
203.jpg,ScR5
204.jpg,0HfD
205.jpg,Mwqs
206.jpg,88FW
207.jpg,4WBX
208.jpg,1tGV
209.jpg,Pyw8
210.jpg,NMxY
211.jpg,G2bc
212.jpg,TAeD
213.jpg,nULa
214.jpg,qY3L
215.jpg,yHkO
216.jpg,FcQo
217.jpg,hvcW
218.jpg,KaQk
219.jpg,epsV
220.jpg,BmZ3
221.jpg,AhAE
222.jpg,O6Vl
223.jpg,flUC
224.jpg,4h7U
225.jpg,1ZR3
226.jpg,qmDC
227.jpg,7GOo
228.jpg,NwjA
229.jpg,DjmQ
230.jpg,frCK
231.jpg,21dy
232.jpg,j68m
233.jpg,a9IZ
234.jpg,RtAJ
235.jpg,LKgo
236.jpg,1gAy
237.jpg,2Bb7
238.jpg,S8m8
239.jpg,hAPX
240.jpg,Q2XE
241.jpg,HL9U
242.jpg,gbDD
243.jpg,L0Ad
244.jpg,JoLm
245.jpg,JHXP
246.jpg,4RMb
247.jpg,cYgv
248.jpg,OO0H
249.jpg,mxpG
250.jpg,djpt
251.jpg,ei0a
252.jpg,JOYs
253.jpg,X29g
254.jpg,lOlA
255.jpg,hx4X
256.jpg,xno9
257.jpg,OaI4
258.jpg,Uoqc
259.jpg,GXIu
260.jpg,Bbep
261.jpg,5nED
262.jpg,3osp
263.jpg,EngY
264.jpg,arJP
265.jpg,5Lwu
266.jpg,2NN0
267.jpg,FAfx
268.jpg,8vGR
269.jpg,zv10
270.jpg,5xFr
271.jpg,l3pG
272.jpg,oIQz
273.jpg,JgZj
274.jpg,QrNu
275.jpg,neaT
276.jpg,kEKC
277.jpg,xwXg
278.jpg,z0T7
279.jpg,NLnO
280.jpg,oNd6
281.jpg,jjQ1
282.jpg,qdzn
283.jpg,CjZ0
284.jpg,zyoW
285.jpg,qqZq
286.jpg,W7u2
287.jpg,2ZZ9
288.jpg,g5jE
289.jpg,yTcJ
290.jpg,4eJh
291.jpg,aqD8
292.jpg,Vig4
293.jpg,PX8z
294.jpg,0YEM
295.jpg,JFmu
296.jpg,5ViF
297.jpg,YCfm
298.jpg,J6D8
299.jpg,saFT
300.jpg,J2PV
301.jpg,dNNI
302.jpg,pMwU
303.jpg,pLs0
304.jpg,Gpcr
305.jpg,NzUm
306.jpg,CAgs
307.jpg,f1N5
308.jpg,lmO7
309.jpg,Kv8r
310.jpg,4seO
311.jpg,WFU7
312.jpg,PaSG
313.jpg,jjST
314.jpg,ZbbU
315.jpg,9mPA
316.jpg,J4Cr
317.jpg,YRXO
318.jpg,W6dN
319.jpg,fx9u
320.jpg,MrqY
321.jpg,5z3y
322.jpg,pLeW
323.jpg,znXd
324.jpg,QVjN
325.jpg,eVT0
326.jpg,XZvY
327.jpg,3h4l
328.jpg,7r9F
329.jpg,mBQM
330.jpg,H8X1
331.jpg,dacj
332.jpg,9VIU
333.jpg,KoW4
334.jpg,6P74
335.jpg,MRek
336.jpg,Gzow
337.jpg,pTfT
338.jpg,t37U
339.jpg,08il
340.jpg,8La0
341.jpg,Ba3D
342.jpg,UO0Y
343.jpg,kKuP
344.jpg,QdDb
345.jpg,jMUJ
346.jpg,57HJ
347.jpg,7y6y
348.jpg,QC0V
349.jpg,x2Jb
350.jpg,RFS9
351.jpg,Cg9J
352.jpg,VRQQ
353.jpg,QgDi
354.jpg,c2hc
355.jpg,lysu
356.jpg,q9c3
357.jpg,B3AC
358.jpg,c5Iv
359.jpg,0P3C
360.jpg,hJLn
361.jpg,N03Q
362.jpg,m91h
363.jpg,bwjw
364.jpg,MmHU
365.jpg,ng34
366.jpg,6jyA
367.jpg,SMTM
368.jpg,u78z
369.jpg,MpCH
370.jpg,F1pk
371.jpg,SmY8
372.jpg,ecG4
373.jpg,mVMZ
374.jpg,CF0I
375.jpg,GMXH
376.jpg,zuve
377.jpg,1aM6
378.jpg,4ltB
379.jpg,ZrkG
380.jpg,G4uG
381.jpg,o642
382.jpg,McT8
383.jpg,5qlu
384.jpg,b6ly
385.jpg,UjyO
386.jpg,gQds
387.jpg,vqrk
388.jpg,LGcv
389.jpg,Kcke
390.jpg,AJXg
391.jpg,S2L9
392.jpg,om52
393.jpg,4dYS
394.jpg,VLyz
395.jpg,bzID
396.jpg,JCXO
397.jpg,DE59
398.jpg,zD1I
399.jpg,Scw3
400.jpg,y0gS
401.jpg,2LMg
402.jpg,HJnK
403.jpg,UJpQ
404.jpg,uoch
405.jpg,8DQp
406.jpg,9goS
407.jpg,qr37
408.jpg,SZ28
409.jpg,CkKz
410.jpg,rXmd
411.jpg,lkiD
412.jpg,PvDy
413.jpg,jn49
414.jpg,sGAB
415.jpg,uULg
416.jpg,fP0D
417.jpg,WXas
418.jpg,TA1U
419.jpg,x3OZ
420.jpg,MGFB
421.jpg,p40A
422.jpg,Hx7R
423.jpg,MZPi
424.jpg,CHjC
425.jpg,FmjN
426.jpg,aRzc
427.jpg,lPgA
428.jpg,Pb0I
429.jpg,o5yV
430.jpg,y4vR
431.jpg,Wap1
432.jpg,hNDD
433.jpg,Z5BY
434.jpg,HG3v
435.jpg,UTOr
436.jpg,Hw8d
437.jpg,lxrJ
438.jpg,m12H
439.jpg,sD0H
440.jpg,bqGs
441.jpg,qWaP
442.jpg,ghbx
443.jpg,4FRB
444.jpg,8TOO
445.jpg,lhwE
446.jpg,dCWK
447.jpg,E0d3
448.jpg,Qww9
449.jpg,Q5aN
450.jpg,SQC8
451.jpg,SOo5
452.jpg,izYl
453.jpg,HELD
454.jpg,Zx87
455.jpg,PqPg
456.jpg,EumI
457.jpg,ftaa
458.jpg,8d88
459.jpg,mMTO
460.jpg,joMV
461.jpg,UxUS
462.jpg,fRgG
463.jpg,3J50
464.jpg,gOGy
465.jpg,AEHl
466.jpg,6R9n
467.jpg,z9iU
468.jpg,pExq
469.jpg,SUND
470.jpg,Z3ju
471.jpg,tpQa
472.jpg,wl5W
473.jpg,DNNL
474.jpg,LqVg
475.jpg,qYQq
476.jpg,kWFe
477.jpg,rEdP
478.jpg,w8Wp
479.jpg,dEgh
480.jpg,PeYL
481.jpg,pSsB
482.jpg,DhP8
483.jpg,ELhl
484.jpg,fecJ
485.jpg,GC3p
486.jpg,qxs6
487.jpg,B5kU
488.jpg,Z5TA
489.jpg,AydD
490.jpg,aRWW
491.jpg,deJQ
492.jpg,WWoA
493.jpg,ecxK
494.jpg,7by9
495.jpg,4JKW
496.jpg,Sp21
497.jpg,R9MX
498.jpg,fOPf
499.jpg,e1zb
500.jpg,1krs
501.jpg,wJTM
502.jpg,3QVV
503.jpg,HPQy
504.jpg,6y69
505.jpg,JRvh
506.jpg,jPVp
507.jpg,pDnw
508.jpg,OqE2
509.jpg,RMoj
510.jpg,Q0Lw
511.jpg,sdbY
512.jpg,O0IO
513.jpg,Qi47
514.jpg,hvWK
515.jpg,Zojx
516.jpg,686c
517.jpg,6xGm
518.jpg,2moE
519.jpg,BTtS
520.jpg,am76
521.jpg,wfaA
522.jpg,MEYh
523.jpg,XWx3
524.jpg,zevd
525.jpg,pTJg
526.jpg,oSrA
527.jpg,GyLw
528.jpg,96Ev
529.jpg,51wm
530.jpg,0Kg0
531.jpg,EpJq
532.jpg,roUF
533.jpg,f30g
534.jpg,Au9z
535.jpg,ogj1
536.jpg,tMmP
537.jpg,bUHo
538.jpg,Qwms
539.jpg,qmSZ
540.jpg,rIDM
541.jpg,ONOB
542.jpg,bQ4p
543.jpg,BkXl
544.jpg,VXhm
545.jpg,NFXp
546.jpg,VQcw
547.jpg,eH8d
548.jpg,0uh2
549.jpg,niW5
550.jpg,c4Ss
551.jpg,pKNU
552.jpg,mfuB
553.jpg,lSHd
554.jpg,XhBF
555.jpg,9FVd
556.jpg,05YH
557.jpg,hq5l
558.jpg,zurT
559.jpg,GCoB
560.jpg,dBEA
561.jpg,yTa6
562.jpg,9RxA
563.jpg,wfdp
564.jpg,HezF
565.jpg,AKUp
566.jpg,upX2
567.jpg,FmXW
568.jpg,ZUae
569.jpg,PI8V
570.jpg,0lqp
571.jpg,iKiw
572.jpg,lExv
573.jpg,03DJ
574.jpg,bZyP
575.jpg,Q4V6
576.jpg,rSyz
577.jpg,X83V
578.jpg,iDMS
579.jpg,L8pB
580.jpg,0djp
581.jpg,UYr4
582.jpg,luSh
583.jpg,uc9I
584.jpg,LvTS
585.jpg,WQCm
586.jpg,jsGv
587.jpg,Erq5
588.jpg,IHU5
589.jpg,xgZM
590.jpg,7mTj
591.jpg,5OFf
592.jpg,2MDi
593.jpg,bESy
594.jpg,NwCp
595.jpg,nIR3
596.jpg,UCFA
597.jpg,iJEp
598.jpg,RA1s
599.jpg,keoB
600.jpg,jFLo
601.jpg,fdAX
602.jpg,geJL
603.jpg,0Tf8
604.jpg,dFcx
605.jpg,UQUt
606.jpg,LFVq
607.jpg,MSmq
608.jpg,mwwK
609.jpg,ycTj
610.jpg,JGE8
611.jpg,ms2G
612.jpg,NsTw
613.jpg,tLwh
614.jpg,GRMm
615.jpg,3noz
616.jpg,SNfp
617.jpg,HFe2
618.jpg,i8l3
619.jpg,oF1X
620.jpg,NeUf
621.jpg,Ig8B
622.jpg,741K
623.jpg,rFxu
624.jpg,fCZu
625.jpg,qbuR
626.jpg,oXuU
627.jpg,ui4X
628.jpg,tZZW
629.jpg,2KQY
630.jpg,0z2T
631.jpg,6Ldh
632.jpg,AxXL
633.jpg,O3AQ
634.jpg,GyGY
635.jpg,YGUg
636.jpg,3J3m
637.jpg,CTcd
638.jpg,NUSj
639.jpg,c1dI
640.jpg,ewXN
641.jpg,Cbgx
642.jpg,ZQhd
643.jpg,98HS
644.jpg,C1a1
645.jpg,rjW3
646.jpg,Zxqk
647.jpg,muUF
648.jpg,RmyN
649.jpg,7KOp
650.jpg,NFGR
651.jpg,c4I9
652.jpg,0UQ1
653.jpg,hhFZ
654.jpg,dEi8
655.jpg,Fgst
656.jpg,I9K1
657.jpg,o4M6
658.jpg,V6Le
659.jpg,vB7d
660.jpg,VC0I
661.jpg,OJGI
662.jpg,XkV6
663.jpg,o5FH
664.jpg,9eSo
665.jpg,p6QR
666.jpg,OlzG
667.jpg,CqIF
668.jpg,34b8
669.jpg,kOhV
670.jpg,PuBf
671.jpg,WNZH
672.jpg,3HBp
673.jpg,RgdC
674.jpg,BT2v
675.jpg,zaKr
676.jpg,o8aa
677.jpg,3K5W
678.jpg,5ySC
679.jpg,yndm
680.jpg,9GBk
681.jpg,16sb
682.jpg,yL3P
683.jpg,jYyZ
684.jpg,hO3E
685.jpg,xv8L
686.jpg,wkvZ
687.jpg,4YJZ
688.jpg,RYt3
689.jpg,p6JJ
690.jpg,Nb4l
691.jpg,J2aP
692.jpg,8N4v
693.jpg,gbgn
694.jpg,PbO7
695.jpg,yPRn
696.jpg,7On5
697.jpg,fPRd
698.jpg,Kj3J
699.jpg,avq3
700.jpg,rlaL
701.jpg,Q9PV
702.jpg,ChKy
703.jpg,eVHY
704.jpg,5ooN
705.jpg,g6q7
706.jpg,gUVR
707.jpg,tXGE
708.jpg,SJrV
709.jpg,ZOlc
710.jpg,60w1
711.jpg,ha2d
712.jpg,3wDU
713.jpg,7bji
714.jpg,DNAA
715.jpg,RR5h
716.jpg,uTzO
717.jpg,fObe
718.jpg,NkJ3
719.jpg,JBv3
720.jpg,TU0Z
721.jpg,VyGR
722.jpg,517C
723.jpg,lVpf
724.jpg,XPR8
725.jpg,JL0C
726.jpg,cFuN
727.jpg,IzzV
728.jpg,024g
729.jpg,GvqR
730.jpg,z1GU
731.jpg,BoyE
732.jpg,qoqn
733.jpg,YYQK
734.jpg,QMjQ
735.jpg,Mg4e
736.jpg,QfnE
737.jpg,g9P0
738.jpg,dJ9m
739.jpg,XtKi
740.jpg,6CnY
741.jpg,vHAj
742.jpg,sDnt
743.jpg,5R8h
744.jpg,HS7o
745.jpg,Xeu2
746.jpg,cpIs
747.jpg,yJPH
748.jpg,f6vZ
749.jpg,10dI
750.jpg,5YSo
751.jpg,xaYc
752.jpg,Exva
753.jpg,35y2
754.jpg,YfVI
755.jpg,eScM
756.jpg,DGvV
757.jpg,48Cc
758.jpg,9pB7
759.jpg,uTRm
760.jpg,dnSg
761.jpg,J08l
762.jpg,tYn0
763.jpg,CTDd
764.jpg,mMYh
765.jpg,n0oZ
766.jpg,YXAH
767.jpg,0YdU
768.jpg,0bqk
769.jpg,uLWw
770.jpg,eAZk
771.jpg,CO8P
772.jpg,sFxC
773.jpg,NQOe
774.jpg,oxPa
775.jpg,CYsQ
776.jpg,dFXs
777.jpg,4zF7
778.jpg,Ghjm
779.jpg,Qktq
780.jpg,Y5Bt
781.jpg,zNAs
782.jpg,QfcW
783.jpg,QQk8
784.jpg,b8TD
785.jpg,tUaV
786.jpg,Dk0d
787.jpg,unma
788.jpg,KdVe
789.jpg,ZRzo
790.jpg,mge2
791.jpg,VHWs
792.jpg,lsGz
793.jpg,cZ3e
794.jpg,b07e
795.jpg,nQN4
796.jpg,J8hj
797.jpg,GCGS
798.jpg,n0IY
799.jpg,Ut6K
800.jpg,BntN
801.jpg,qZxk
802.jpg,JXkh
803.jpg,BAUI
804.jpg,J7uB
805.jpg,7tum
806.jpg,3t9n
807.jpg,6sHS
808.jpg,jcFd
809.jpg,n0kE
810.jpg,FxFO
811.jpg,8DrA
812.jpg,1iyG
813.jpg,iInY
814.jpg,y8G2
815.jpg,ll9o
816.jpg,sOWW
817.jpg,Sk39
818.jpg,lPQg
819.jpg,vc9i
820.jpg,WcND
821.jpg,Zq9c
822.jpg,fGCQ
823.jpg,q6Is
824.jpg,GQEq
825.jpg,auKZ
826.jpg,4wPk
827.jpg,YR3z
828.jpg,sqYM
829.jpg,xwvR
830.jpg,KWLu
831.jpg,78Lb
832.jpg,A2yh
833.jpg,7J7G
834.jpg,JQPx
835.jpg,L7rV
836.jpg,qMmk
837.jpg,tn34
838.jpg,tDk5
839.jpg,nuph
840.jpg,x0Uq
841.jpg,fZHX
842.jpg,HkFY
843.jpg,AXGx
844.jpg,bmXI
845.jpg,G7Kh
846.jpg,Pzi1
847.jpg,5fVc
848.jpg,JbEP
849.jpg,4p6Q
850.jpg,vUgu
851.jpg,ouvw
852.jpg,tERF
853.jpg,n0dH
854.jpg,0fnp
855.jpg,6cvx
856.jpg,tLCR
857.jpg,8iZR
858.jpg,Qugk
859.jpg,B4RI
860.jpg,1V3q
861.jpg,HB71
862.jpg,R15G
863.jpg,Ie4s
864.jpg,SoDR
865.jpg,rCAZ
866.jpg,dlk6
867.jpg,jaGM
868.jpg,8CZz
869.jpg,BkhS
870.jpg,vS4P
871.jpg,X6cp
872.jpg,iSWf
873.jpg,eeYF
874.jpg,Q34J
875.jpg,SBoh
876.jpg,K5lO
877.jpg,IETJ
878.jpg,7hy8
879.jpg,LNzT
880.jpg,F7tv
881.jpg,ue7M
882.jpg,q7sR
883.jpg,ZTM9
884.jpg,VNOF
885.jpg,EaVQ
886.jpg,kb4z
887.jpg,4E8P
888.jpg,Xilc
889.jpg,UrBb
890.jpg,wHlP
891.jpg,bHon
892.jpg,HR1m
893.jpg,tspK
894.jpg,cbmJ
895.jpg,YqdQ
896.jpg,MX6g
897.jpg,eMMg
898.jpg,5J1K
899.jpg,jH5h
900.jpg,Hx5K
901.jpg,OvjY
902.jpg,5BVa
903.jpg,Ouei
904.jpg,d8Xx
905.jpg,zJTq
906.jpg,z0rO
907.jpg,nRgr
908.jpg,fy6R
909.jpg,aYlk
910.jpg,K4QL
911.jpg,0q9d
912.jpg,1vEr
913.jpg,H4uF
914.jpg,opoN
915.jpg,nkju
916.jpg,T2MK
917.jpg,dk6O
918.jpg,7Ay3
919.jpg,G1PE
920.jpg,zsEe
921.jpg,DyOF
922.jpg,ZZ8W
923.jpg,e1c1
924.jpg,Os3e
925.jpg,DEcn
926.jpg,WKxR
927.jpg,Cqn5
928.jpg,oM9h
929.jpg,TIuB
930.jpg,JM1E
931.jpg,qJYK
932.jpg,br5F
933.jpg,9Mbz
934.jpg,mouf
935.jpg,qb7U
936.jpg,AF6z
937.jpg,1dMn
938.jpg,ZZw7
939.jpg,eFD9
940.jpg,Spk8
941.jpg,1Po6
942.jpg,XSuB
943.jpg,at9X
944.jpg,rQOZ
945.jpg,FX2e
946.jpg,fKUq
947.jpg,GMJG
948.jpg,orwc
949.jpg,xFn2
950.jpg,3FYC
951.jpg,sdZv
952.jpg,vHCz
953.jpg,xcjL
954.jpg,MMVN
955.jpg,Fvle
956.jpg,Re08
957.jpg,morE
958.jpg,0gVr
959.jpg,B0zB
960.jpg,5MVS
961.jpg,d9t7
962.jpg,wKTD
963.jpg,x2rt
964.jpg,kx57
965.jpg,PnGw
966.jpg,84NT
967.jpg,gcVy
968.jpg,rIyw
969.jpg,wnui
970.jpg,TLYl
971.jpg,Ga6M
972.jpg,PJNl
973.jpg,aJKW
974.jpg,9N6D
975.jpg,ZeIZ
976.jpg,MtGv
977.jpg,zv9t
978.jpg,7L2d
979.jpg,MxpI
980.jpg,cXJv
981.jpg,IQI9
982.jpg,SBVA
983.jpg,wpMY
984.jpg,1yBv
985.jpg,bYUq
986.jpg,ZwMe
987.jpg,pPPF
988.jpg,zZOL
989.jpg,wfHM
990.jpg,k7oG
991.jpg,kyb1
992.jpg,5Rnh
993.jpg,aJGB
994.jpg,8amS
995.jpg,KBfM
996.jpg,d0BJ
997.jpg,QX8H
998.jpg,9PmY
999.jpg,q4fh
1000.jpg,hFSU
1001.jpg,whwJ
1002.jpg,n6jF
1003.jpg,oryN
1004.jpg,IpgW
1005.jpg,fT4M
1006.jpg,20du
1007.jpg,qAMs
1008.jpg,QGNM
1009.jpg,FmOG
1010.jpg,wkWx
1011.jpg,JA0z
1012.jpg,NP32
1013.jpg,mp21
1014.jpg,ZhFK
1015.jpg,WAkN
1016.jpg,0lDA
1017.jpg,DM4r
1018.jpg,n52i
1019.jpg,sv24
1020.jpg,eogk
1021.jpg,tRYs
1022.jpg,6MrR
1023.jpg,68dH
1024.jpg,1VoA
1025.jpg,IqnJ
1026.jpg,SjO5
1027.jpg,inkU
1028.jpg,BwD1
1029.jpg,wbhU
1030.jpg,3Hwr
1031.jpg,KVP8
1032.jpg,P92x
1033.jpg,UwPR
1034.jpg,K6yD
1035.jpg,6Wqy
1036.jpg,50I6
1037.jpg,XbiK
1038.jpg,rpyh
1039.jpg,U74x
1040.jpg,LVNw
1041.jpg,wC3y
1042.jpg,UfUw
1043.jpg,x8is
1044.jpg,EptC
1045.jpg,5vsV
1046.jpg,psoQ
1047.jpg,dv2f
1048.jpg,MmmI
1049.jpg,qEV1
1050.jpg,te61
1051.jpg,yH8U
1052.jpg,BIFC
1053.jpg,lsYW
1054.jpg,HP7P
1055.jpg,OIYu
1056.jpg,rkUj
1057.jpg,rBGN
1058.jpg,XEES
1059.jpg,uBP0
1060.jpg,Egvn
1061.jpg,a6xJ
1062.jpg,STs4
1063.jpg,BuSz
1064.jpg,10fQ
1065.jpg,amZO
1066.jpg,yIcg
1067.jpg,4Bme
1068.jpg,VOqf
1069.jpg,Uy9s
1070.jpg,EaGe
1071.jpg,n0sq
1072.jpg,1ELn
1073.jpg,4o1I
1074.jpg,Woce
1075.jpg,Gxap
1076.jpg,OD8X
1077.jpg,bcBb
1078.jpg,UQYj
1079.jpg,fQhP
1080.jpg,I1dG
1081.jpg,pGO1
1082.jpg,gt1B
1083.jpg,p0iv
1084.jpg,7vEi
1085.jpg,BylO
1086.jpg,mac0
1087.jpg,FQQk
1088.jpg,YiXL
1089.jpg,j3vH
1090.jpg,gwjm
1091.jpg,NcCV
1092.jpg,RYOm
1093.jpg,cJDj
1094.jpg,Mj5n
1095.jpg,rkdG
1096.jpg,qQyC
1097.jpg,Rms6
1098.jpg,F1cc
1099.jpg,oQ2Y
1100.jpg,Uwfs
1101.jpg,jfBi
1102.jpg,OGwn
1103.jpg,9iS0
1104.jpg,UwL2
1105.jpg,e4Fm
1106.jpg,Q5VZ
1107.jpg,AcR0
1108.jpg,yq8L
1109.jpg,PljZ
1110.jpg,vtIy
1111.jpg,Ukkc
1112.jpg,3JfU
1113.jpg,wvrZ
1114.jpg,Dns2
1115.jpg,rrEv
1116.jpg,hTcK
1117.jpg,uSQk
1118.jpg,W2Tb
1119.jpg,idaT
1120.jpg,S2mX
1121.jpg,dE8T
1122.jpg,3EJq
1123.jpg,eoYP
1124.jpg,zZ5E
1125.jpg,EsVj
1126.jpg,klVH
1127.jpg,Kf95
1128.jpg,NYuE
1129.jpg,vCnH
1130.jpg,jWYe
1131.jpg,vvuw
1132.jpg,mK01
1133.jpg,QHuS
1134.jpg,PieC
1135.jpg,1zhI
1136.jpg,mbRx
1137.jpg,DWLu
1138.jpg,Pred
1139.jpg,hlON
1140.jpg,fawz
1141.jpg,mAk9
1142.jpg,P6PA
1143.jpg,7K2l
1144.jpg,zArC
1145.jpg,rsLw
1146.jpg,vvs9
1147.jpg,9IDH
1148.jpg,THPt
1149.jpg,tIs5
1150.jpg,QLwb
1151.jpg,CQPr
1152.jpg,k3Ua
1153.jpg,5sz8
1154.jpg,EVWr
1155.jpg,ZRFu
1156.jpg,qy2M
1157.jpg,hnVh
1158.jpg,njCJ
1159.jpg,ADCE
1160.jpg,hxNd
1161.jpg,9qef
1162.jpg,lZRU
1163.jpg,80Yz
1164.jpg,0eBQ
1165.jpg,PLOM
1166.jpg,vwZ2
1167.jpg,Xsu0
1168.jpg,SEUs
1169.jpg,HV0X
1170.jpg,qsYT
1171.jpg,lM7I
1172.jpg,ohi6
1173.jpg,ATpI
1174.jpg,3dmQ
1175.jpg,4knz
1176.jpg,1FyZ
1177.jpg,E0kC
1178.jpg,VOJ2
1179.jpg,uTtV
1180.jpg,oegO
1181.jpg,Ueft
1182.jpg,yjIQ
1183.jpg,urTY
1184.jpg,XtZJ
1185.jpg,oXoT
1186.jpg,G9Id
1187.jpg,DVnn
1188.jpg,7GOT
1189.jpg,9zBV
1190.jpg,kaAN
1191.jpg,fHF3
1192.jpg,yETc
1193.jpg,jbDT
1194.jpg,gttR
1195.jpg,1r1V
1196.jpg,Jbn1
1197.jpg,7OJa
1198.jpg,7uID
1199.jpg,65w3
1200.jpg,0uj0
1201.jpg,k8UC
1202.jpg,p1li
1203.jpg,cvwR
1204.jpg,ij8l
1205.jpg,KtxU
1206.jpg,bMVb
1207.jpg,29ha
1208.jpg,NmZd
1209.jpg,18fe
1210.jpg,ESmn
1211.jpg,rpcb
1212.jpg,8Fv8
1213.jpg,ssRg
1214.jpg,boZF
1215.jpg,3Jsj
1216.jpg,7YLi
1217.jpg,1gXQ
1218.jpg,lvFG
1219.jpg,jtam
1220.jpg,Bi2n
1221.jpg,L1LB
1222.jpg,ahXE
1223.jpg,5wTy
1224.jpg,uZAU
1225.jpg,1aN7
1226.jpg,4pld
1227.jpg,zo7d
1228.jpg,uBYq
1229.jpg,xBVF
1230.jpg,CMQl
1231.jpg,C7AK
1232.jpg,29Hp
1233.jpg,MA8b
1234.jpg,sxXe
1235.jpg,djYW
1236.jpg,eAR7
1237.jpg,tWke
1238.jpg,weN3
1239.jpg,pXjm
1240.jpg,ypHz
1241.jpg,Y7CT
1242.jpg,dIYY
1243.jpg,Cpe0
1244.jpg,wmSx
1245.jpg,TUNT
1246.jpg,T9jV
1247.jpg,sXyl
1248.jpg,eGid
1249.jpg,2xDN
1250.jpg,X42Y
1251.jpg,srAl
1252.jpg,sRm1
1253.jpg,vD4A
1254.jpg,vpIp
1255.jpg,qOCC
1256.jpg,RTup
1257.jpg,T6xr
1258.jpg,dQ1H
1259.jpg,0Tx2
1260.jpg,BH53
1261.jpg,RvNu
1262.jpg,S6s1
1263.jpg,HmhH
1264.jpg,ITkl
1265.jpg,ZmCo
1266.jpg,Pc9O
1267.jpg,XFPY
1268.jpg,u1hZ
1269.jpg,IgIl
1270.jpg,YkBp
1271.jpg,A6Pf
1272.jpg,GDsI
1273.jpg,pS7u
1274.jpg,uUfK
1275.jpg,wcGX
1276.jpg,y1sF
1277.jpg,vdYT
1278.jpg,nxeu
1279.jpg,zrGZ
1280.jpg,Dgji
1281.jpg,cQJr
1282.jpg,exSB
1283.jpg,plRH
1284.jpg,ECQt
1285.jpg,gDSK
1286.jpg,2LwA
1287.jpg,fcYG
1288.jpg,UIiR
1289.jpg,Z5ZW
1290.jpg,AhZS
1291.jpg,w5DA
1292.jpg,jirY
1293.jpg,opqV
1294.jpg,bTwV
1295.jpg,FIGw
1296.jpg,9fLU
1297.jpg,usCK
1298.jpg,DCau
1299.jpg,Kfo3
1300.jpg,YEv9
1301.jpg,r8WK
1302.jpg,zb6b
1303.jpg,nNFf
1304.jpg,ALZV
1305.jpg,6VT0
1306.jpg,NApy
1307.jpg,1kpw
1308.jpg,nOgy
1309.jpg,1J96
1310.jpg,FWTB
1311.jpg,1ywT
1312.jpg,FrRS
1313.jpg,JUxK
1314.jpg,xI4e
1315.jpg,9uu2
1316.jpg,n3PN
1317.jpg,mdLQ
1318.jpg,qWGd
1319.jpg,HwcP
1320.jpg,kW7K
1321.jpg,dabN
1322.jpg,hMYV
1323.jpg,G3E1
1324.jpg,SfGJ
1325.jpg,UraY
1326.jpg,FMhX
1327.jpg,hCv1
1328.jpg,BmIZ
1329.jpg,e4Gq
1330.jpg,rIm6
1331.jpg,Hwtc
1332.jpg,N9k8
1333.jpg,4VBx
1334.jpg,dyTS
1335.jpg,P6N7
1336.jpg,YaZQ
1337.jpg,uS3m
1338.jpg,ofJ0
1339.jpg,qYLx
1340.jpg,W7i2
1341.jpg,WFpO
1342.jpg,Gzqr
1343.jpg,UNwR
1344.jpg,qamd
1345.jpg,iul6
1346.jpg,LhjM
1347.jpg,vgL5
1348.jpg,nxCU
1349.jpg,FkQd
1350.jpg,dJNQ
1351.jpg,Wc9i
1352.jpg,0dc9
1353.jpg,st3C
1354.jpg,NyTs
1355.jpg,hSsp
1356.jpg,taRK
1357.jpg,KAk8
1358.jpg,UU3m
1359.jpg,sKmb
1360.jpg,XSJU
1361.jpg,Fbn2
1362.jpg,YZ1C
1363.jpg,GT7P
1364.jpg,JWBc
1365.jpg,sg9H
1366.jpg,gZZ6
1367.jpg,K4n5
1368.jpg,RINX
1369.jpg,maFg
1370.jpg,VEPq
1371.jpg,zGpH
1372.jpg,Fdny
1373.jpg,wOS9
1374.jpg,Kc62
1375.jpg,cIq3
1376.jpg,tHEX
1377.jpg,qRYV
1378.jpg,TSFB
1379.jpg,fGWY
1380.jpg,isEY
1381.jpg,Cp47
1382.jpg,77RR
1383.jpg,afiq
1384.jpg,KvHW
1385.jpg,YMX0
1386.jpg,PgTa
1387.jpg,ElYS
1388.jpg,8LSw
1389.jpg,3TSJ
1390.jpg,IEFZ
1391.jpg,FvXK
1392.jpg,FEsH
1393.jpg,PKQc
1394.jpg,NBlZ
1395.jpg,Sw3F
1396.jpg,ayKg
1397.jpg,569l
1398.jpg,V9Q5
1399.jpg,cIpC
1400.jpg,NkzH
1401.jpg,Hzve
1402.jpg,m8oX
1403.jpg,UMVf
1404.jpg,y4Sr
1405.jpg,64To
1406.jpg,oxc8
1407.jpg,F166
1408.jpg,uob3
1409.jpg,UPmY
1410.jpg,0d7S
1411.jpg,u9I5
1412.jpg,3vjg
1413.jpg,FtyW
1414.jpg,l0HR
1415.jpg,K6Ub
1416.jpg,CqJL
1417.jpg,JYSF
1418.jpg,pb0f
1419.jpg,52tv
1420.jpg,vT8a
1421.jpg,kvFM
1422.jpg,BBqp
1423.jpg,VPxT
1424.jpg,3Ya8
1425.jpg,LxJn
1426.jpg,udXX
1427.jpg,TvnI
1428.jpg,mJe2
1429.jpg,w4mM
1430.jpg,50b0
1431.jpg,aMig
1432.jpg,PZjv
1433.jpg,NNeU
1434.jpg,1wvd
1435.jpg,Izzm
1436.jpg,XkxJ
1437.jpg,n4EM
1438.jpg,mfcm
1439.jpg,xh4E
1440.jpg,f9KE
1441.jpg,NZlU
1442.jpg,FXtM
1443.jpg,1G6R
1444.jpg,K4Ys
1445.jpg,Syd5
1446.jpg,j67l
1447.jpg,EliB
1448.jpg,tSM6
1449.jpg,9mTx
1450.jpg,Zo82
1451.jpg,FkHc
1452.jpg,6t2O
1453.jpg,gv7m
1454.jpg,TmbY
1455.jpg,NEFB
1456.jpg,IYQR
1457.jpg,qZas
1458.jpg,iYgv
1459.jpg,4hVw
1460.jpg,Fwjz
1461.jpg,Avv3
1462.jpg,g8bE
1463.jpg,a1Oa
1464.jpg,IEc6
1465.jpg,RBIA
1466.jpg,dLy6
1467.jpg,pqYl
1468.jpg,ZLq2
1469.jpg,XYMQ
1470.jpg,wMjj
1471.jpg,1MAJ
1472.jpg,ciGL
1473.jpg,yvkW
1474.jpg,Y7MJ
1475.jpg,fJaJ
1476.jpg,XwsI
1477.jpg,z6xE
1478.jpg,Rn4K
1479.jpg,tpBX
1480.jpg,EvEF
1481.jpg,monC
1482.jpg,Bgaz
1483.jpg,yURV
1484.jpg,DdjK
1485.jpg,jAHX
1486.jpg,QdrE
1487.jpg,GUht
1488.jpg,QCAd
1489.jpg,CrEQ
1490.jpg,Y1sc
1491.jpg,2xe4
1492.jpg,q1OK
1493.jpg,2MdB
1494.jpg,AQ9l
1495.jpg,Xcda
1496.jpg,Qp4X
1497.jpg,CA2U
1498.jpg,qjYe
1499.jpg,35pa
1500.jpg,zcfW
1501.jpg,aSLM
1502.jpg,ecPv
1503.jpg,bvOC
1504.jpg,6bqu
1505.jpg,Pwt0
1506.jpg,NsMD
1507.jpg,SD5Y
1508.jpg,kIiA
1509.jpg,RL25
1510.jpg,XYeb
1511.jpg,mUk6
1512.jpg,JvKg
1513.jpg,4GBs
1514.jpg,HgIh
1515.jpg,xsue
1516.jpg,uAQK
1517.jpg,rCqt
1518.jpg,vZSn
1519.jpg,1Owl
1520.jpg,FFEz
1521.jpg,avwL
1522.jpg,7H3F
1523.jpg,9WX6
1524.jpg,wDNq
1525.jpg,qn05
1526.jpg,pXlO
1527.jpg,gAjz
1528.jpg,SScF
1529.jpg,O5nA
1530.jpg,JjH6
1531.jpg,XHXH
1532.jpg,Kq3B
1533.jpg,pGij
1534.jpg,nMlm
1535.jpg,hQ6Y
1536.jpg,quMG
1537.jpg,C6Ww
1538.jpg,r60t
1539.jpg,BAfA
1540.jpg,CNmi
1541.jpg,zA8i
1542.jpg,eO0l
1543.jpg,7A0y
1544.jpg,pquw
1545.jpg,hoB4
1546.jpg,elVO
1547.jpg,b3Sv
1548.jpg,Dtaj
1549.jpg,quls
1550.jpg,friB
1551.jpg,3Ccj
1552.jpg,dOmL
1553.jpg,lJQO
1554.jpg,ApfE
1555.jpg,CVXX
1556.jpg,sVV6
1557.jpg,VVyC
1558.jpg,xW2R
1559.jpg,U6ol
1560.jpg,yLbn
1561.jpg,Rykm
1562.jpg,OZFW
1563.jpg,rQy4
1564.jpg,k6HV
1565.jpg,bYxf
1566.jpg,tuDy
1567.jpg,8brT
1568.jpg,niX8
1569.jpg,NTZY
1570.jpg,gcPN
1571.jpg,ZI5p
1572.jpg,kFcD
1573.jpg,x1ON
1574.jpg,cKq5
1575.jpg,ZFaY
1576.jpg,KcpO
1577.jpg,gl1B
1578.jpg,dC4A
1579.jpg,6YNN
1580.jpg,SuJZ
1581.jpg,NdXl
1582.jpg,PGt7
1583.jpg,Oh4C
1584.jpg,ltFW
1585.jpg,bAai
1586.jpg,JrAz
1587.jpg,deOC
1588.jpg,DLG2
1589.jpg,dLW3
1590.jpg,WvQt
1591.jpg,4nQx
1592.jpg,FD8Z
1593.jpg,MSmb
1594.jpg,bEoe
1595.jpg,MkZG
1596.jpg,6xvT
1597.jpg,6Vm7
1598.jpg,KgiE
1599.jpg,USPX
1600.jpg,yKxc
1601.jpg,AWZS
1602.jpg,qfBC
1603.jpg,4sA6
1604.jpg,7mjj
1605.jpg,kBfU
1606.jpg,qXRm
1607.jpg,UfpV
1608.jpg,OfDV
1609.jpg,gUjZ
1610.jpg,cCFj
1611.jpg,oWJX
1612.jpg,zRCI
1613.jpg,FdNp
1614.jpg,rwQI
1615.jpg,ZGIU
1616.jpg,vU6G
1617.jpg,RgQj
1618.jpg,mjo2
1619.jpg,SVlg
1620.jpg,0Brp
1621.jpg,sgPZ
1622.jpg,cqKY
1623.jpg,ysPI
1624.jpg,B3pU
1625.jpg,zZi8
1626.jpg,6E9x
1627.jpg,OIry
1628.jpg,6Ur9
1629.jpg,E0PG
1630.jpg,Xhjg
1631.jpg,egFa
1632.jpg,GZMc
1633.jpg,0slC
1634.jpg,jcgs
1635.jpg,Pk2O
1636.jpg,u3Tn
1637.jpg,Dipg
1638.jpg,L9Hc
1639.jpg,Apfe
1640.jpg,B19M
1641.jpg,J6TV
1642.jpg,UJSI
1643.jpg,fRxL
1644.jpg,DDFU
1645.jpg,QCtk
1646.jpg,ioS5
1647.jpg,osWP
1648.jpg,9JMy
1649.jpg,Aq58
1650.jpg,93Ct
1651.jpg,WKuB
1652.jpg,1Lsu
1653.jpg,G1IK
1654.jpg,G9Hd
1655.jpg,FJor
1656.jpg,LMAj
1657.jpg,5IkV
1658.jpg,NcsD
1659.jpg,prDe
1660.jpg,fCnR
1661.jpg,OPC2
1662.jpg,z9f2
1663.jpg,Vas7
1664.jpg,CDAW
1665.jpg,AhcL
1666.jpg,lxkJ
1667.jpg,CaAJ
1668.jpg,NB2Z
1669.jpg,KKTW
1670.jpg,V4yF
1671.jpg,6HVr
1672.jpg,BJqp
1673.jpg,qrFk
1674.jpg,NzK2
1675.jpg,0VxV
1676.jpg,IKJ5
1677.jpg,grno
1678.jpg,CZ3y
1679.jpg,csLy
1680.jpg,2unG
1681.jpg,oazo
1682.jpg,V73X
1683.jpg,w4iA
1684.jpg,1ENl
1685.jpg,7Tfe
1686.jpg,QlSX
1687.jpg,gauH
1688.jpg,j58O
1689.jpg,ZuuQ
1690.jpg,MJIt
1691.jpg,ajhS
1692.jpg,Zbrk
1693.jpg,Ad71
1694.jpg,maFv
1695.jpg,PQzp
1696.jpg,9kvw
1697.jpg,F4iz
1698.jpg,Ys9d
1699.jpg,JTti
1700.jpg,n6BF
1701.jpg,UPGp
1702.jpg,dFFi
1703.jpg,idpr
1704.jpg,qMzO
1705.jpg,ehf9
1706.jpg,b0dI
1707.jpg,OxJP
1708.jpg,bPWI
1709.jpg,2QJt
1710.jpg,vIQ2
1711.jpg,Z7YS
1712.jpg,9UkU
1713.jpg,cAA0
1714.jpg,CtXs
1715.jpg,UB0D
1716.jpg,1Gbu
1717.jpg,sI2j
1718.jpg,LP0v
1719.jpg,ef8U
1720.jpg,sDNF
1721.jpg,SdjY
1722.jpg,dohA
1723.jpg,5c0o
1724.jpg,6eTB
1725.jpg,zf7p
1726.jpg,6AyK
1727.jpg,cuP8
1728.jpg,uNvB
1729.jpg,hKyU
1730.jpg,lcFU
1731.jpg,UZ9Z
1732.jpg,wZ7n
1733.jpg,kP8b
1734.jpg,9ntR
1735.jpg,DN33
1736.jpg,lhOX
1737.jpg,AVgf
1738.jpg,qIZn
1739.jpg,NRCt
1740.jpg,P7Gc
1741.jpg,iqVw
1742.jpg,HAsM
1743.jpg,fRFC
1744.jpg,CW0a
1745.jpg,qlXA
1746.jpg,19cy
1747.jpg,QEtN
1748.jpg,I7FC
1749.jpg,0GT8
1750.jpg,ve18
1751.jpg,B8Fj
1752.jpg,JLFu
1753.jpg,1XMo
1754.jpg,rOuu
1755.jpg,okrl
1756.jpg,Wovx
1757.jpg,VpxW
1758.jpg,mDSB
1759.jpg,uBhY
1760.jpg,r0IW
1761.jpg,SzIL
1762.jpg,nHWD
1763.jpg,DcBI
1764.jpg,SAwJ
1765.jpg,yeqR
1766.jpg,1Pis
1767.jpg,RXjv
1768.jpg,r8It
1769.jpg,yMta
1770.jpg,seLi
1771.jpg,H2vJ
1772.jpg,X7z4
1773.jpg,u5b7
1774.jpg,5ZMv
1775.jpg,VylL
1776.jpg,FvVd
1777.jpg,HLQl
1778.jpg,wFTH
1779.jpg,Bj40
1780.jpg,h16Q
1781.jpg,U8of
1782.jpg,3HUu
1783.jpg,2Gro
1784.jpg,jsbr
1785.jpg,l88v
1786.jpg,aE98
1787.jpg,INUW
1788.jpg,dP8R
1789.jpg,Selh
1790.jpg,zQiT
1791.jpg,qUD7
1792.jpg,o3X7
1793.jpg,QwoI
1794.jpg,jLid
1795.jpg,PRFs
1796.jpg,70Hg
1797.jpg,v0pf
1798.jpg,fekN
1799.jpg,7W4b
1800.jpg,oyGe
1801.jpg,yo1j
1802.jpg,wdqh
1803.jpg,y938
1804.jpg,nvEt
1805.jpg,wAZo
1806.jpg,9YOF
1807.jpg,hvjU
1808.jpg,R5kx
1809.jpg,YdAW
1810.jpg,qswb
1811.jpg,0mus
1812.jpg,mmNW
1813.jpg,12Bg
1814.jpg,eqPQ
1815.jpg,jQ6K
1816.jpg,BOh9
1817.jpg,WbkC
1818.jpg,zPfx
1819.jpg,adei
1820.jpg,foWQ
1821.jpg,dMrA
1822.jpg,TziR
1823.jpg,t9tz
1824.jpg,CTy7
1825.jpg,N8ln
1826.jpg,SWiD
1827.jpg,omvO
1828.jpg,Tn8D
1829.jpg,IHr8
1830.jpg,j9zf
1831.jpg,txPh
1832.jpg,aylC
1833.jpg,NolV
1834.jpg,7OUe
1835.jpg,H0Ax
1836.jpg,w6dY
1837.jpg,6eMn
1838.jpg,ODWu
1839.jpg,8bEt
1840.jpg,dkvl
1841.jpg,Pmnh
1842.jpg,WL77
1843.jpg,wEd3
1844.jpg,nwwb
1845.jpg,m1Qn
1846.jpg,qZj8
1847.jpg,aRXA
1848.jpg,BEp5
1849.jpg,xZ2g
1850.jpg,4nts
1851.jpg,1shu
1852.jpg,HgpT
1853.jpg,mQPd
1854.jpg,clMk
1855.jpg,wmpE
1856.jpg,su87
1857.jpg,Mg0u
1858.jpg,kYLa
1859.jpg,Vj5F
1860.jpg,YgMR
1861.jpg,g2Qq
1862.jpg,X4qU
1863.jpg,N24A
1864.jpg,q2ho
1865.jpg,jPWr
1866.jpg,lo6K
1867.jpg,P13U
1868.jpg,PrYI
1869.jpg,eaKT
1870.jpg,mI0E
1871.jpg,uZe6
1872.jpg,hw9R
1873.jpg,wEne
1874.jpg,IgNu
1875.jpg,BwbW
1876.jpg,uw4C
1877.jpg,LesD
1878.jpg,JWO0
1879.jpg,nH6b
1880.jpg,sj3R
1881.jpg,BZ1c
1882.jpg,7n0b
1883.jpg,yyy3
1884.jpg,6NNw
1885.jpg,35LB
1886.jpg,MoNS
1887.jpg,O9bt
1888.jpg,AcaJ
1889.jpg,v8rV
1890.jpg,wyGx
1891.jpg,Nks5
1892.jpg,KApb
1893.jpg,WtqG
1894.jpg,ZRpF
1895.jpg,Sa58
1896.jpg,L2OS
1897.jpg,dLQR
1898.jpg,6N8J
1899.jpg,P8R3
1900.jpg,69NU
1901.jpg,Jy2Y
1902.jpg,hezu
1903.jpg,D7XY
1904.jpg,Xjd6
1905.jpg,AYwE
1906.jpg,iX2y
1907.jpg,UKq4
1908.jpg,D9NJ
1909.jpg,PeXE
1910.jpg,D056
1911.jpg,7SFz
1912.jpg,qm6V
1913.jpg,9vwm
1914.jpg,9MDi
1915.jpg,NseX
1916.jpg,cIp4
1917.jpg,v4Po
1918.jpg,5YSC
1919.jpg,4v5P
1920.jpg,0vHg
1921.jpg,VP8b
1922.jpg,jWAB
1923.jpg,ykM1
1924.jpg,hZmf
1925.jpg,DFeN
1926.jpg,k5tN
1927.jpg,kJIG
1928.jpg,vPwH
1929.jpg,lWOY
1930.jpg,Ez5j
1931.jpg,lBd9
1932.jpg,UUft
1933.jpg,KmD3
1934.jpg,HkYw
1935.jpg,HDsc
1936.jpg,X0Lm
1937.jpg,cYiF
1938.jpg,k4kX
1939.jpg,iKg8
1940.jpg,e3uv
1941.jpg,AAh6
1942.jpg,aahV
1943.jpg,V4wG
1944.jpg,U1dK
1945.jpg,VMPR
1946.jpg,QcL7
1947.jpg,nZPM
1948.jpg,C1nM
1949.jpg,qigJ
1950.jpg,sRlE
1951.jpg,tFYe
1952.jpg,IEJG
1953.jpg,YyLQ
1954.jpg,WOBj
1955.jpg,K2nJ
1956.jpg,evvP
1957.jpg,c64D
1958.jpg,CLLo
1959.jpg,DQIV
1960.jpg,SHSd
1961.jpg,DiuK
1962.jpg,2wov
1963.jpg,MWvb
1964.jpg,7nbC
1965.jpg,9pJN
1966.jpg,3yUJ
1967.jpg,94Vd
1968.jpg,Dafh
1969.jpg,ifss
1970.jpg,nhRL
1971.jpg,er7H
1972.jpg,bmWf
1973.jpg,vi6n
1974.jpg,Bca4
1975.jpg,CXkr
1976.jpg,sgyy
1977.jpg,dSve
1978.jpg,Vnul
1979.jpg,JEi0
1980.jpg,pNuU
1981.jpg,4Dph
1982.jpg,XsW9
1983.jpg,Wskz
1984.jpg,cXM5
1985.jpg,JyLX
1986.jpg,793e
1987.jpg,kQlF
1988.jpg,xcCW
1989.jpg,bnuo
1990.jpg,HP4U
1991.jpg,D1Nv
1992.jpg,Incy
1993.jpg,A7UQ
1994.jpg,mZCL
1995.jpg,K5L8
1996.jpg,SUNS
1997.jpg,ppAJ
1998.jpg,6Z8m
1999.jpg,PFQA
2000.jpg,sREW
2001.jpg,ygW3
2002.jpg,ZmTG
2003.jpg,fjAN
2004.jpg,ni2L
2005.jpg,5f0v
2006.jpg,u4JG
2007.jpg,Mfbb
2008.jpg,auLO
2009.jpg,zZ5L
2010.jpg,BATI
2011.jpg,ph5R
2012.jpg,pC2o
2013.jpg,F1wh
2014.jpg,b3aE
2015.jpg,plxH
2016.jpg,1s7G
2017.jpg,vSo1
2018.jpg,s4Lw
2019.jpg,OXMa
2020.jpg,7908
2021.jpg,GLrG
2022.jpg,BPE4
2023.jpg,p9Wx
2024.jpg,TGRo
2025.jpg,eFNg
2026.jpg,FfqY
2027.jpg,FhYs
2028.jpg,8qIh
2029.jpg,6i6I
2030.jpg,fHjq
2031.jpg,83S4
2032.jpg,qElX
2033.jpg,OtaL
2034.jpg,1mf3
2035.jpg,vGlV
2036.jpg,xO6G
2037.jpg,Jiqn
2038.jpg,O73I
2039.jpg,sGcs
2040.jpg,bkF5
2041.jpg,fsTW
2042.jpg,dJcg
2043.jpg,7wnF
2044.jpg,fW5c
2045.jpg,HjZ3
2046.jpg,KTDQ
2047.jpg,T90z
2048.jpg,BeIA
2049.jpg,c8UD
2050.jpg,g3yg
2051.jpg,8b0J
2052.jpg,FDWY
2053.jpg,i8R3
2054.jpg,PhSb
2055.jpg,ve5M
2056.jpg,7TE8
2057.jpg,NBYg
2058.jpg,XyJl
2059.jpg,uifH
2060.jpg,8H2z
2061.jpg,8r8J
2062.jpg,uav5
2063.jpg,gPWG
2064.jpg,a7Ed
2065.jpg,8RME
2066.jpg,spTy
2067.jpg,yZr1
2068.jpg,g1Tj
2069.jpg,pOPI
2070.jpg,bxib
2071.jpg,6WWr
2072.jpg,NP0s
2073.jpg,7RqM
2074.jpg,lMok
2075.jpg,QZX6
2076.jpg,fTYK
2077.jpg,VDAr
2078.jpg,U3YC
2079.jpg,gmO2
2080.jpg,oChp
2081.jpg,QWnR
2082.jpg,5WQm
2083.jpg,uDji
2084.jpg,OPGo
2085.jpg,cvVq
2086.jpg,04oj
2087.jpg,L5Hp
2088.jpg,R0jP
2089.jpg,cEt2
2090.jpg,x3t4
2091.jpg,A00Q
2092.jpg,GsEj
2093.jpg,yPPP
2094.jpg,5HIm
2095.jpg,MO0o
2096.jpg,Paot
2097.jpg,BrRq
2098.jpg,LxwB
2099.jpg,15Hk
2100.jpg,C7NH
2101.jpg,t5Og
2102.jpg,7DTi
2103.jpg,ge0M
2104.jpg,HdaA
2105.jpg,su5D
2106.jpg,GuHh
2107.jpg,fWcO
2108.jpg,wd8K
2109.jpg,tcCL
2110.jpg,6ykQ
2111.jpg,KYC9
2112.jpg,WbGb
2113.jpg,wN1u
2114.jpg,TqFk
2115.jpg,QkKQ
2116.jpg,uSY5
2117.jpg,T1p6
2118.jpg,ML9H
2119.jpg,gU1t
2120.jpg,Y6qF
2121.jpg,Y9VI
2122.jpg,sT8h
2123.jpg,ExE2
2124.jpg,RQIn
2125.jpg,XjpF
2126.jpg,9aPY
2127.jpg,KHii
2128.jpg,jDnW
2129.jpg,zltr
2130.jpg,UBob
2131.jpg,pBaK
2132.jpg,ZJg5
2133.jpg,N0wQ
2134.jpg,YQqJ
2135.jpg,pnlt
2136.jpg,t708
2137.jpg,8H93
2138.jpg,6hOW
2139.jpg,50cS
2140.jpg,6hFR
2141.jpg,vn6z
2142.jpg,Dsmi
2143.jpg,T6Gm
2144.jpg,2cs4
2145.jpg,oURC
2146.jpg,VOC8
2147.jpg,Np2c
2148.jpg,4TTm
2149.jpg,EZtb
2150.jpg,hbSd
2151.jpg,dlXj
2152.jpg,hyQK
2153.jpg,5TXN
2154.jpg,70wc
2155.jpg,J6SW
2156.jpg,hEtV
2157.jpg,t3Yb
2158.jpg,rbQZ
2159.jpg,PEdk
2160.jpg,GH8s
2161.jpg,7f7r
2162.jpg,wXza
2163.jpg,ke4Q
2164.jpg,lxQ2
2165.jpg,DMnv
2166.jpg,V0vQ
2167.jpg,YmQB
2168.jpg,r3mo
2169.jpg,mGFn
2170.jpg,rQe5
2171.jpg,mpLa
2172.jpg,1HhS
2173.jpg,LeYC
2174.jpg,3TBr
2175.jpg,BEXp
2176.jpg,noi3
2177.jpg,YtA2
2178.jpg,snQi
2179.jpg,h14u
2180.jpg,ckCc
2181.jpg,ZVWk
2182.jpg,9GbE
2183.jpg,k0jW
2184.jpg,ybTv
2185.jpg,M4LC
2186.jpg,lyL1
2187.jpg,Otw8
2188.jpg,zmQh
2189.jpg,TvfN
2190.jpg,mxdU
2191.jpg,9DPL
2192.jpg,P1SA
2193.jpg,h6ct
2194.jpg,FaR8
2195.jpg,2O3v
2196.jpg,Gru7
2197.jpg,evoD
2198.jpg,19RH
2199.jpg,pDZp
2200.jpg,Fhmg
2201.jpg,Upr2
2202.jpg,mIQy
2203.jpg,lg08
2204.jpg,zbR9
2205.jpg,OX1y
2206.jpg,fyHK
2207.jpg,8ZKD
2208.jpg,C8Ou
2209.jpg,rBsa
2210.jpg,DZhg
2211.jpg,8b7k
2212.jpg,xrqR
2213.jpg,DMsU
2214.jpg,l4Vf
2215.jpg,DUjq
2216.jpg,R1vV
2217.jpg,gusq
2218.jpg,bZFL
2219.jpg,frOt
2220.jpg,M5BC
2221.jpg,spWY
2222.jpg,91xO
2223.jpg,wxb3
2224.jpg,80rO
2225.jpg,3xAq
2226.jpg,qe7u
2227.jpg,odbr
2228.jpg,X4TM
2229.jpg,DG62
2230.jpg,LIST
2231.jpg,zFf7
2232.jpg,0brA
2233.jpg,IKpf
2234.jpg,6ehl
2235.jpg,5BOa
2236.jpg,b2Ub
2237.jpg,QCpy
2238.jpg,uNhK
2239.jpg,oOxf
2240.jpg,35kZ
2241.jpg,6X8L
2242.jpg,YLio
2243.jpg,SxJD
2244.jpg,b3P9
2245.jpg,Rykq
2246.jpg,lVC7
2247.jpg,jeMz
2248.jpg,nmuq
2249.jpg,iSc6
2250.jpg,Wdtc
2251.jpg,0kb8
2252.jpg,lTSZ
2253.jpg,g9FS
2254.jpg,qZED
2255.jpg,T08o
2256.jpg,JZR5
2257.jpg,O3t1
2258.jpg,1W9K
2259.jpg,FSTJ
2260.jpg,8xGE
2261.jpg,YtOS
2262.jpg,mr8C
2263.jpg,Ivkk
2264.jpg,ZA3C
2265.jpg,CLaF
2266.jpg,dgcA
2267.jpg,zezq
2268.jpg,2qwW
2269.jpg,WugR
2270.jpg,qKpV
2271.jpg,FTtP
2272.jpg,iUKL
2273.jpg,BYcV
2274.jpg,twN6
2275.jpg,hOf0
2276.jpg,mvCg
2277.jpg,D7Rz
2278.jpg,Jglo
2279.jpg,SUeu
2280.jpg,T9Wn
2281.jpg,lSbD
2282.jpg,im91
2283.jpg,3LlR
2284.jpg,245P
2285.jpg,ZVFV
2286.jpg,UjxC
2287.jpg,0CqH
2288.jpg,bnVb
2289.jpg,Mrru
2290.jpg,KdBo
2291.jpg,89l2
2292.jpg,oBDy
2293.jpg,8PsC
2294.jpg,DzIr
2295.jpg,Wbkf
2296.jpg,aDnK
2297.jpg,a7qB
2298.jpg,ArfA
2299.jpg,txI3
2300.jpg,1pNA
2301.jpg,C7NZ
2302.jpg,R3CH
2303.jpg,RLOx
2304.jpg,ZHzV
2305.jpg,ja1q
2306.jpg,D42B
2307.jpg,rKaS
2308.jpg,9Dub
2309.jpg,QfFi
2310.jpg,RgfP
2311.jpg,D90x
2312.jpg,6bVz
2313.jpg,BmU6
2314.jpg,o8ry
2315.jpg,SKtF
2316.jpg,xfKr
2317.jpg,GG1w
2318.jpg,61BM
2319.jpg,NJoE
2320.jpg,xKFQ
2321.jpg,RoXj
2322.jpg,bnTS
2323.jpg,CqCd
2324.jpg,jrwp
2325.jpg,EGLs
2326.jpg,kO47
2327.jpg,ZfIl
2328.jpg,V8UF
2329.jpg,q9V3
2330.jpg,6sHs
2331.jpg,3zfp
2332.jpg,ojYW
2333.jpg,65zU
2334.jpg,sDRw
2335.jpg,BuVb
2336.jpg,jlKG
2337.jpg,Otih
2338.jpg,SCcb
2339.jpg,dCTD
2340.jpg,jXOK
2341.jpg,8e8M
2342.jpg,n9Wh
2343.jpg,fziW
2344.jpg,oQr2
2345.jpg,0OkI
2346.jpg,MTVy
2347.jpg,mOvM
2348.jpg,csUv
2349.jpg,cglh
2350.jpg,dyhA
2351.jpg,rLmY
2352.jpg,bO2J
2353.jpg,fa1p
2354.jpg,Mkax
2355.jpg,OMTu
2356.jpg,MzHu
2357.jpg,Ttnf
2358.jpg,FSun
2359.jpg,d384
2360.jpg,muU6
2361.jpg,hIwG
2362.jpg,mmdB
2363.jpg,p5Jb
2364.jpg,hT2j
2365.jpg,LOAZ
2366.jpg,X37k
2367.jpg,Y6oo
2368.jpg,gwys
2369.jpg,dqcM
2370.jpg,k7mC
2371.jpg,Z5X1
2372.jpg,EHBK
2373.jpg,nQu4
2374.jpg,V7XK
2375.jpg,nk5Y
2376.jpg,zPzu
2377.jpg,fLe6
2378.jpg,OAh9
2379.jpg,hWFc
2380.jpg,R7yW
2381.jpg,FMzZ
2382.jpg,oF57
2383.jpg,Rxuy
2384.jpg,SqWT
2385.jpg,W8MV
2386.jpg,EsHv
2387.jpg,SpAW
2388.jpg,OlsY
2389.jpg,6eP1
2390.jpg,YojK
2391.jpg,O3dn
2392.jpg,ZpFV
2393.jpg,6Mj1
2394.jpg,pljM
2395.jpg,fQvu
2396.jpg,rHeA
2397.jpg,RH29
2398.jpg,hjqH
2399.jpg,vsBJ
2400.jpg,JM22
2401.jpg,2egC
2402.jpg,1HTQ
2403.jpg,zz1Z
2404.jpg,BrtZ
2405.jpg,3WD4
2406.jpg,QRLd
2407.jpg,vclX
2408.jpg,abg4
2409.jpg,xyVK
2410.jpg,2zfw
2411.jpg,DAes
2412.jpg,8qAP
2413.jpg,zDrE
2414.jpg,JzA1
2415.jpg,U5uE
2416.jpg,TMmu
2417.jpg,PStj
2418.jpg,5W1a
2419.jpg,SJAQ
2420.jpg,6pkC
2421.jpg,XdBM
2422.jpg,fwTV
2423.jpg,b6Z2
2424.jpg,c6wU
2425.jpg,y5fS
2426.jpg,W9is
2427.jpg,DBx9
2428.jpg,YA3W
2429.jpg,efZ6
2430.jpg,y39N
2431.jpg,Y6yY
2432.jpg,1wjv
2433.jpg,W2x8
2434.jpg,Hv0h
2435.jpg,Sn4a
2436.jpg,1rfD
2437.jpg,oYcR
2438.jpg,5Eka
2439.jpg,rlDs
2440.jpg,Ok4Q
2441.jpg,4ziL
2442.jpg,hyva
2443.jpg,w7K1
2444.jpg,Ivv5
2445.jpg,SQAh
2446.jpg,X4p0
2447.jpg,4Jic
2448.jpg,fZ36
2449.jpg,TDpZ
2450.jpg,cJpE
2451.jpg,8PUx
2452.jpg,Lqje
2453.jpg,SD4y
2454.jpg,qdaw
2455.jpg,ooxH
2456.jpg,Y8iD
2457.jpg,57ZV
2458.jpg,GvmC
2459.jpg,3f4y
2460.jpg,irH4
2461.jpg,dwzV
2462.jpg,6d9M
2463.jpg,Bezw
2464.jpg,imQ0
2465.jpg,vPvu
2466.jpg,AEY7
2467.jpg,OZeP
2468.jpg,RPpV
2469.jpg,Qs5L
2470.jpg,vy3y
2471.jpg,T1FJ
2472.jpg,ulO4
2473.jpg,K1MB
2474.jpg,T2VY
2475.jpg,A94H
2476.jpg,WbzX
2477.jpg,Wanx
2478.jpg,GsGh
2479.jpg,3zBg
2480.jpg,SGOM
2481.jpg,OoyZ
2482.jpg,7LPk
2483.jpg,tjCz
2484.jpg,IQkn
2485.jpg,jLfB
2486.jpg,fxN1
2487.jpg,ZEcz
2488.jpg,r2At
2489.jpg,NsQE
2490.jpg,c0ft
2491.jpg,lLig
2492.jpg,ntHi
2493.jpg,6YC4
2494.jpg,lKtb
2495.jpg,Tl1I
2496.jpg,bIYN
2497.jpg,NQvt
2498.jpg,GrCP
2499.jpg,P2kb
2500.jpg,3OwK
2501.jpg,Mbzb
2502.jpg,9uYO
2503.jpg,L0kq
2504.jpg,8fi4
2505.jpg,fKiH
2506.jpg,vrBQ
2507.jpg,CZB7
2508.jpg,gzjF
2509.jpg,lIae
2510.jpg,wX5e
2511.jpg,Bw1f
2512.jpg,YrkY
2513.jpg,fhcs
2514.jpg,0sRM
2515.jpg,CAZK
2516.jpg,gDL7
2517.jpg,aMxE
2518.jpg,AZiO
2519.jpg,oo2n
2520.jpg,FcBs
2521.jpg,tiUh
2522.jpg,NuLi
2523.jpg,rjda
2524.jpg,i9WY
2525.jpg,z33n
2526.jpg,aq3g
2527.jpg,rvti
2528.jpg,qc7X
2529.jpg,dty0
2530.jpg,t8PE
2531.jpg,sUiV
2532.jpg,c3IT
2533.jpg,iy36
2534.jpg,KW57
2535.jpg,Wnlm
2536.jpg,v3hR
2537.jpg,UqM1
2538.jpg,eTew
2539.jpg,tZE7
2540.jpg,Kcwi
2541.jpg,kOe3
2542.jpg,BIZQ
2543.jpg,HZc3
2544.jpg,FuWk
2545.jpg,W9zv
2546.jpg,X7ez
2547.jpg,xvfe
2548.jpg,i9mh
2549.jpg,YvQF
2550.jpg,nQwL
2551.jpg,EN7O
2552.jpg,ZBk4
2553.jpg,O9vN
2554.jpg,jO9A
2555.jpg,oecp
2556.jpg,7Lkf
2557.jpg,pI1Q
2558.jpg,rjFV
2559.jpg,B99D
2560.jpg,rWGf
2561.jpg,CPOG
2562.jpg,aDte
2563.jpg,TRyB
2564.jpg,X8JX
2565.jpg,Hwu5
2566.jpg,Gtri
2567.jpg,ILT7
2568.jpg,RmAM
2569.jpg,uqHA
2570.jpg,faPv
2571.jpg,Jls1
2572.jpg,9kU7
2573.jpg,RcJY
2574.jpg,Wmw9
2575.jpg,PzbI
2576.jpg,iNDF
2577.jpg,f0pM
2578.jpg,w6kE
2579.jpg,1uug
2580.jpg,I8fQ
2581.jpg,IlAw
2582.jpg,XETQ
2583.jpg,51SC
2584.jpg,qK5n
2585.jpg,9hjw
2586.jpg,PojM
2587.jpg,QLwc
2588.jpg,5KcH
2589.jpg,AyfU
2590.jpg,vSS0
2591.jpg,umPI
2592.jpg,0a3y
2593.jpg,KrfH
2594.jpg,827j
2595.jpg,ar2o
2596.jpg,N2iR
2597.jpg,KI0K
2598.jpg,VBIF
2599.jpg,Swu7
2600.jpg,QEpm
2601.jpg,gBfR
2602.jpg,Ab5a
2603.jpg,knMi
2604.jpg,XT7h
2605.jpg,m9l6
2606.jpg,0RA5
2607.jpg,Ltbj
2608.jpg,5F5e
2609.jpg,rKyq
2610.jpg,qLNs
2611.jpg,PZjj
2612.jpg,XVOJ
2613.jpg,x2cd
2614.jpg,mJ3R
2615.jpg,iZt2
2616.jpg,IiHv
2617.jpg,zbJO
2618.jpg,pyTE
2619.jpg,egfB
2620.jpg,0r5E
2621.jpg,yhkl
2622.jpg,6yna
2623.jpg,L8MU
2624.jpg,6aLZ
2625.jpg,WfXM
2626.jpg,zCGn
2627.jpg,eoWg
2628.jpg,ltN1
2629.jpg,OzoB
2630.jpg,8IId
2631.jpg,02hQ
2632.jpg,zkb1
2633.jpg,1JC7
2634.jpg,cfKq
2635.jpg,vKbK
2636.jpg,UwuN
2637.jpg,VPQS
2638.jpg,dacp
2639.jpg,lWTR
2640.jpg,0xFf
2641.jpg,BtLG
2642.jpg,s59b
2643.jpg,2apt
2644.jpg,VZA4
2645.jpg,qRSq
2646.jpg,usoN
2647.jpg,G1T5
2648.jpg,v58W
2649.jpg,HsD5
2650.jpg,Atm3
2651.jpg,DnEJ
2652.jpg,fGAL
2653.jpg,xFIp
2654.jpg,ws1C
2655.jpg,9ylf
2656.jpg,3Cw0
2657.jpg,pGnw
2658.jpg,3KWl
2659.jpg,sMJT
2660.jpg,Ykba
2661.jpg,DQy6
2662.jpg,Xt0Y
2663.jpg,ZBdR
2664.jpg,J8cr
2665.jpg,f26D
2666.jpg,7a28
2667.jpg,0SzJ
2668.jpg,lNgk
2669.jpg,78pR
2670.jpg,Sp8o
2671.jpg,iH5y
2672.jpg,j9b2
2673.jpg,1miS
2674.jpg,t3qJ
2675.jpg,GPJW
2676.jpg,va29
2677.jpg,flWf
2678.jpg,y51S
2679.jpg,P9wz
2680.jpg,skKc
2681.jpg,Y2yu
2682.jpg,zVp8
2683.jpg,VEtZ
2684.jpg,NHdi
2685.jpg,bKgK
2686.jpg,VrZo
2687.jpg,SBud
2688.jpg,M7qy
2689.jpg,WMCS
2690.jpg,yieU
2691.jpg,3dlZ
2692.jpg,z3Zh
2693.jpg,2veF
2694.jpg,gT2R
2695.jpg,FkUo
2696.jpg,d8in
2697.jpg,kbTs
2698.jpg,zHfn
2699.jpg,9IwI
2700.jpg,ykC9
2701.jpg,B4aq
2702.jpg,gqXm
2703.jpg,ZZWM
2704.jpg,KDbE
2705.jpg,Obdc
2706.jpg,kkiO
2707.jpg,HZpX
2708.jpg,p3Ct
2709.jpg,DZ1l
2710.jpg,WY5l
2711.jpg,Jend
2712.jpg,qQra
2713.jpg,k517
2714.jpg,VxnY
2715.jpg,MzV1
2716.jpg,9AYx
2717.jpg,XOtk
2718.jpg,Hjs1
2719.jpg,pQCx
2720.jpg,MU42
2721.jpg,eKxh
2722.jpg,ij3r
2723.jpg,L1FX
2724.jpg,xVWQ
2725.jpg,yubs
2726.jpg,4VMi
2727.jpg,YO9H
2728.jpg,bq4k
2729.jpg,CorI
2730.jpg,cIJ9
2731.jpg,RQZG
2732.jpg,YY7e
2733.jpg,p24g
2734.jpg,mzlS
2735.jpg,sgOU
2736.jpg,Hi6X
2737.jpg,0kH1
2738.jpg,RQVr
2739.jpg,qRtu
2740.jpg,6Zdk
2741.jpg,JF1K
2742.jpg,Zeor
2743.jpg,6EaO
2744.jpg,1Gzy
2745.jpg,vOD4
2746.jpg,gpdG
2747.jpg,0EDL
2748.jpg,nfRE
2749.jpg,oni6
2750.jpg,dOd6
2751.jpg,QRBy
2752.jpg,Syqq
2753.jpg,D1rL
2754.jpg,MXca
2755.jpg,47HW
2756.jpg,ZFX7
2757.jpg,w06y
2758.jpg,th39
2759.jpg,u6aN
2760.jpg,Rdgg
2761.jpg,cVu7
2762.jpg,vHSn
2763.jpg,5O1L
2764.jpg,75eU
2765.jpg,yfy5
2766.jpg,DntO
2767.jpg,j4IV
2768.jpg,9sSN
2769.jpg,ELis
2770.jpg,56vj
2771.jpg,m48I
2772.jpg,y4dF
2773.jpg,MTch
2774.jpg,rM1B
2775.jpg,1y0U
2776.jpg,LmII
2777.jpg,3bRM
2778.jpg,CiS8
2779.jpg,wvv1
2780.jpg,J7xC
2781.jpg,JttM
2782.jpg,RuVs
2783.jpg,fpsU
2784.jpg,hnrY
2785.jpg,rnqp
2786.jpg,3Jce
2787.jpg,efZX
2788.jpg,KWBg
2789.jpg,wp1T
2790.jpg,LVML
2791.jpg,z2vM
2792.jpg,3D7r
2793.jpg,zOUY
2794.jpg,3c2i
2795.jpg,ylhc
2796.jpg,I69r
2797.jpg,Jc6J
2798.jpg,f5PG
2799.jpg,xjrd
2800.jpg,yZ6B
2801.jpg,7skc
2802.jpg,wG28
2803.jpg,HWzN
2804.jpg,RmZl
2805.jpg,Xc6O
2806.jpg,SODo
2807.jpg,Q9Ma
2808.jpg,PJhT
2809.jpg,0h09
2810.jpg,P2MF
2811.jpg,y6WK
2812.jpg,JAJn
2813.jpg,lEop
2814.jpg,YV0H
2815.jpg,S0UE
2816.jpg,MQfO
2817.jpg,nR5I
2818.jpg,8yr0
2819.jpg,HSfK
2820.jpg,08xv
2821.jpg,Asv2
2822.jpg,mcow
2823.jpg,jIew
2824.jpg,MXV3
2825.jpg,dKJC
2826.jpg,5D1y
2827.jpg,lehm
2828.jpg,mqNH
2829.jpg,t6xE
2830.jpg,wsFo
2831.jpg,ez3m
2832.jpg,tqQS
2833.jpg,iGUf
2834.jpg,6XNn
2835.jpg,5zvL
2836.jpg,kXJd
2837.jpg,LzNR
2838.jpg,tgVz
2839.jpg,FpoQ
2840.jpg,y9zc
2841.jpg,cFs0
2842.jpg,0fi3
2843.jpg,zMJC
2844.jpg,9dLw
2845.jpg,D3Vc
2846.jpg,x828
2847.jpg,LMBr
2848.jpg,e2rz
2849.jpg,8LSw
2850.jpg,cC6o
2851.jpg,2BVX
2852.jpg,sokH
2853.jpg,UJVY
2854.jpg,BvmH
2855.jpg,IbBf
2856.jpg,1Ap3
2857.jpg,DSBA
2858.jpg,a8Tg
2859.jpg,ATZn
2860.jpg,jVlh
2861.jpg,k44J
2862.jpg,c4gY
2863.jpg,CLfB
2864.jpg,HHec
2865.jpg,H9zz
2866.jpg,k7AK
2867.jpg,tbEW
2868.jpg,z4PX
2869.jpg,BULd
2870.jpg,BtDh
2871.jpg,zW3H
2872.jpg,XE9r
2873.jpg,HTzx
2874.jpg,RyWA
2875.jpg,LJBE
2876.jpg,uyeV
2877.jpg,ArcY
2878.jpg,i1MN
2879.jpg,6QeB
2880.jpg,dVT1
2881.jpg,8aAR
2882.jpg,PaOT
2883.jpg,cteD
2884.jpg,Mo3I
2885.jpg,7qXV
2886.jpg,5qpH
2887.jpg,PyRE
2888.jpg,HTYu
2889.jpg,j693
2890.jpg,LcVZ
2891.jpg,LUaH
2892.jpg,VfuL
2893.jpg,aFhg
2894.jpg,S29m
2895.jpg,eFiM
2896.jpg,74JI
2897.jpg,SC15
2898.jpg,Q8n2
2899.jpg,1phs
2900.jpg,pWfu
2901.jpg,JOs3
2902.jpg,MejW
2903.jpg,mJBg
2904.jpg,L6FB
2905.jpg,ezEB
2906.jpg,JN7R
2907.jpg,nqio
2908.jpg,XA0g
2909.jpg,xbAC
2910.jpg,JdwH
2911.jpg,31Pq
2912.jpg,XhSp
2913.jpg,kUww
2914.jpg,g32Z
2915.jpg,1DDT
2916.jpg,GFYA
2917.jpg,HFSr
2918.jpg,iQxi
2919.jpg,UlRo
2920.jpg,vldO
2921.jpg,XSw6
2922.jpg,diHB
2923.jpg,Suq8
2924.jpg,Mf7f
2925.jpg,ToMs
2926.jpg,1O7J
2927.jpg,nulc
2928.jpg,Z1Zs
2929.jpg,uPk0
2930.jpg,zxrG
2931.jpg,ewA5
2932.jpg,yCjA
2933.jpg,KObH
2934.jpg,ios0
2935.jpg,nDXv
2936.jpg,OjM8
2937.jpg,ABUn
2938.jpg,cR1P
2939.jpg,ueel
2940.jpg,iU6a
2941.jpg,jbcx
2942.jpg,WGt1
2943.jpg,z6sv
2944.jpg,t5V8
2945.jpg,GuHG
2946.jpg,MZN9
2947.jpg,wSPa
2948.jpg,dnvy
2949.jpg,f5Uq
2950.jpg,ka6r
2951.jpg,eGN6
2952.jpg,N7Ys
2953.jpg,dyfB
2954.jpg,4G1b
2955.jpg,HMDv
2956.jpg,2wd7
2957.jpg,bYUc
2958.jpg,irFy
2959.jpg,s3cE
2960.jpg,0mYn
2961.jpg,DoPx
2962.jpg,5z7J
2963.jpg,3Dj8
2964.jpg,VNlF
2965.jpg,J0q3
2966.jpg,hPeo
2967.jpg,LK96
2968.jpg,rUkh
2969.jpg,QlbN
2970.jpg,5US9
2971.jpg,bXi6
2972.jpg,ZUCp
2973.jpg,fhcj
2974.jpg,sFea
2975.jpg,RXgu
2976.jpg,b9ho
2977.jpg,CayC
2978.jpg,TGkb
2979.jpg,QdiN
2980.jpg,k0xt
2981.jpg,05xb
2982.jpg,7l6R
2983.jpg,CM9E
2984.jpg,9krn
2985.jpg,8CrJ
2986.jpg,yZxV
2987.jpg,pbSj
2988.jpg,O7XL
2989.jpg,cqEt
2990.jpg,8bTk
2991.jpg,5Q64
2992.jpg,XtIa
2993.jpg,ESuJ
2994.jpg,shFu
2995.jpg,IWhX
2996.jpg,rWei
2997.jpg,6WvB
2998.jpg,eTu6
2999.jpg,TB9I
3000.jpg,KXzt
3001.jpg,AshH
3002.jpg,shWj
3003.jpg,rnVH
3004.jpg,cQBs
3005.jpg,5DGS
3006.jpg,4NNU
3007.jpg,Vfzj
3008.jpg,HyU4
3009.jpg,IQ46
3010.jpg,ZxwD
3011.jpg,zTlA
3012.jpg,2A7m
3013.jpg,uSao
3014.jpg,qWrN
3015.jpg,YMxM
3016.jpg,S1Sx
3017.jpg,H3Y3
3018.jpg,aF9G
3019.jpg,E3ny
3020.jpg,dFjc
3021.jpg,C1PB
3022.jpg,AWc1
3023.jpg,zgOM
3024.jpg,YyoO
3025.jpg,dPGY
3026.jpg,XwaD
3027.jpg,w5jV
3028.jpg,qWRl
3029.jpg,KblU
3030.jpg,ZVVt
3031.jpg,LXBU
3032.jpg,eQRA
3033.jpg,CAWu
3034.jpg,yv03
3035.jpg,egNU
3036.jpg,7TT9
3037.jpg,e3HH
3038.jpg,YjOb
3039.jpg,Zijx
3040.jpg,Abt2
3041.jpg,EyG1
3042.jpg,QdB0
3043.jpg,41ro
3044.jpg,8rl3
3045.jpg,f6SG
3046.jpg,2h5l
3047.jpg,flud
3048.jpg,TlL9
3049.jpg,WjyU
3050.jpg,ZWkR
3051.jpg,IFxf
3052.jpg,npA1
3053.jpg,AoCv
3054.jpg,QUmO
3055.jpg,SUql
3056.jpg,eiml
3057.jpg,whUq
3058.jpg,wdJE
3059.jpg,ZFpn
3060.jpg,Ykfq
3061.jpg,alyB
3062.jpg,Meip
3063.jpg,bnvq
3064.jpg,O4Ff
3065.jpg,37B6
3066.jpg,jtX1
3067.jpg,qlkG
3068.jpg,sBXV
3069.jpg,bjGz
3070.jpg,Tf48
3071.jpg,h3D3
3072.jpg,iQtk
3073.jpg,FREn
3074.jpg,Hv0o
3075.jpg,ROYQ
3076.jpg,D7Qk
3077.jpg,WGhR
3078.jpg,izTa
3079.jpg,QFyG
3080.jpg,dVZp
3081.jpg,hRJA
3082.jpg,D4RY
3083.jpg,ieaX
3084.jpg,X0uG
3085.jpg,t3e9
3086.jpg,6icF
3087.jpg,SkWR
3088.jpg,FDfa
3089.jpg,V9yS
3090.jpg,vH4B
3091.jpg,BVL5
3092.jpg,2zOv
3093.jpg,RZF7
3094.jpg,8GuY
3095.jpg,kTrK
3096.jpg,mVfu
3097.jpg,uDa3
3098.jpg,TBuD
3099.jpg,5Xyd
3100.jpg,5P4m
3101.jpg,aKTM
3102.jpg,Kb60
3103.jpg,da82
3104.jpg,dfbq
3105.jpg,eZTu
3106.jpg,1VNf
3107.jpg,j5hf
3108.jpg,SFr2
3109.jpg,Bchq
3110.jpg,sWfS
3111.jpg,nZ8q
3112.jpg,y8I9
3113.jpg,b6FB
3114.jpg,7Q33
3115.jpg,C8yc
3116.jpg,RGdJ
3117.jpg,vzXi
3118.jpg,RzWY
3119.jpg,ueyZ
3120.jpg,5mpy
3121.jpg,AcYH
3122.jpg,r7ZY
3123.jpg,neuS
3124.jpg,DfZU
3125.jpg,TMW6
3126.jpg,0FO1
3127.jpg,YJkl
3128.jpg,ji7E
3129.jpg,Hv3f
3130.jpg,n2dj
3131.jpg,BONs
3132.jpg,8Kfc
3133.jpg,24BI
3134.jpg,a1rs
3135.jpg,U7FS
3136.jpg,DyvL
3137.jpg,vT6v
3138.jpg,GOMf
3139.jpg,dR1P
3140.jpg,V8zE
3141.jpg,g2kc
3142.jpg,Qici
3143.jpg,3SgQ
3144.jpg,YVtV
3145.jpg,JIA0
3146.jpg,qswD
3147.jpg,cxPh
3148.jpg,9RYl
3149.jpg,zPcf
3150.jpg,xlrE
3151.jpg,3MQj
3152.jpg,hPdj
3153.jpg,ddCn
3154.jpg,LVyK
3155.jpg,buW8
3156.jpg,NsMD
3157.jpg,APqa
3158.jpg,9iJU
3159.jpg,OtAU
3160.jpg,7paN
3161.jpg,exx6
3162.jpg,lLli
3163.jpg,w7nR
3164.jpg,Vl8c
3165.jpg,Jghf
3166.jpg,8olh
3167.jpg,9fdO
3168.jpg,La4x
3169.jpg,LoxD
3170.jpg,FjyN
3171.jpg,wqs7
3172.jpg,P8xU
3173.jpg,laWD
3174.jpg,ifqm
3175.jpg,8uHz
3176.jpg,sdBY
3177.jpg,nqFg
3178.jpg,Io3n
3179.jpg,GtoQ
3180.jpg,d5XU
3181.jpg,dQjc
3182.jpg,6fRP
3183.jpg,yBTL
3184.jpg,rr0Z
3185.jpg,tPgU
3186.jpg,F5Ts
3187.jpg,JpXe
3188.jpg,zGZ0
3189.jpg,2uhr
3190.jpg,PpDi
3191.jpg,7Thl
3192.jpg,bbb1
3193.jpg,YMTm
3194.jpg,0z0M
3195.jpg,99ra
3196.jpg,48OY
3197.jpg,0ZlG
3198.jpg,VES1
3199.jpg,Guwt
3200.jpg,qvWD
3201.jpg,1DL4
3202.jpg,ZyYq
3203.jpg,9NJz
3204.jpg,GjcF
3205.jpg,B6Z3
3206.jpg,RRXr
3207.jpg,Ee9x
3208.jpg,WNP9
3209.jpg,tFGU
3210.jpg,C3JF
3211.jpg,GEc4
3212.jpg,wRdI
3213.jpg,Pdwy
3214.jpg,K33X
3215.jpg,osVh
3216.jpg,8h39
3217.jpg,1rZe
3218.jpg,2JDe
3219.jpg,KoP5
3220.jpg,SX8W
3221.jpg,lt4c
3222.jpg,8cne
3223.jpg,zDEC
3224.jpg,kFHB
3225.jpg,iKMC
3226.jpg,6jLc
3227.jpg,Y0Yo
3228.jpg,dKMp
3229.jpg,552a
3230.jpg,DA3Z
3231.jpg,yjg2
3232.jpg,mP1C
3233.jpg,Kyqn
3234.jpg,Tn3O
3235.jpg,D556
3236.jpg,B2vx
3237.jpg,pyfs
3238.jpg,h7Yo
3239.jpg,fTkl
3240.jpg,IbBX
3241.jpg,xdMC
3242.jpg,SDi9
3243.jpg,CdD6
3244.jpg,p83t
3245.jpg,TpwK
3246.jpg,xKuT
3247.jpg,uXFn
3248.jpg,5ExT
3249.jpg,kbUJ
3250.jpg,ro9L
3251.jpg,qq4T
3252.jpg,SR0S
3253.jpg,DdEA
3254.jpg,zd4E
3255.jpg,8q2j
3256.jpg,aQ9t
3257.jpg,FVU1
3258.jpg,Xkaj
3259.jpg,j34u
3260.jpg,ODMY
3261.jpg,PktT
3262.jpg,G9kQ
3263.jpg,o0EH
3264.jpg,FgxJ
3265.jpg,LC54
3266.jpg,lDyz
3267.jpg,feAH
3268.jpg,fb4n
3269.jpg,sGTm
3270.jpg,OsSx
3271.jpg,TfkG
3272.jpg,GTtD
3273.jpg,8pH1
3274.jpg,0YJd
3275.jpg,gm1q
3276.jpg,VhoN
3277.jpg,BBHr
3278.jpg,tcae
3279.jpg,mDtJ
3280.jpg,L1Cz
3281.jpg,tjFe
3282.jpg,Zb99
3283.jpg,tJnf
3284.jpg,7JXP
3285.jpg,K6Sw
3286.jpg,1OBR
3287.jpg,903a
3288.jpg,tsQO
3289.jpg,2Owp
3290.jpg,04Nw
3291.jpg,V45P
3292.jpg,TQAA
3293.jpg,Clyh
3294.jpg,JLbb
3295.jpg,itlX
3296.jpg,CTIx
3297.jpg,2nBG
3298.jpg,zt19
3299.jpg,oK4O
3300.jpg,vThw
3301.jpg,WLkP
3302.jpg,XBxZ
3303.jpg,mZk9
3304.jpg,gouq
3305.jpg,12Lw
3306.jpg,aKKt
3307.jpg,P52s
3308.jpg,Visu
3309.jpg,3xhP
3310.jpg,pfrT
3311.jpg,Nif8
3312.jpg,kRJO
3313.jpg,GQD7
3314.jpg,6iod
3315.jpg,6T8E
3316.jpg,aT57
3317.jpg,bjyL
3318.jpg,CEY8
3319.jpg,AMQV
3320.jpg,jxzz
3321.jpg,oHYb
3322.jpg,drW5
3323.jpg,e3qM
3324.jpg,PMmc
3325.jpg,jmpS
3326.jpg,3ERN
3327.jpg,p2vI
3328.jpg,52gq
3329.jpg,33QX
3330.jpg,G2N6
3331.jpg,62UW
3332.jpg,YLKb
3333.jpg,r5Mt
3334.jpg,mAAS
3335.jpg,0UjX
3336.jpg,pP2d
3337.jpg,BZaO
3338.jpg,b4ow
3339.jpg,EWxI
3340.jpg,MPvm
3341.jpg,MPfY
3342.jpg,AiHb
3343.jpg,yjb0
3344.jpg,jg0H
3345.jpg,eC6l
3346.jpg,rZXQ
3347.jpg,9as0
3348.jpg,dr5I
3349.jpg,Hzoy
3350.jpg,NbXZ
3351.jpg,DAy6
3352.jpg,UW9p
3353.jpg,sqjS
3354.jpg,AE1n
3355.jpg,wSij
3356.jpg,DMxe
3357.jpg,wxAs
3358.jpg,G0sp
3359.jpg,pEfF
3360.jpg,DWbh
3361.jpg,Q2nu
3362.jpg,DBfh
3363.jpg,WjVg
3364.jpg,h0EP
3365.jpg,Rk37
3366.jpg,quH5
3367.jpg,xy5U
3368.jpg,ep3o
3369.jpg,bU8s
3370.jpg,icR0
3371.jpg,UMY3
3372.jpg,cSjE
3373.jpg,eHOR
3374.jpg,jAqn
3375.jpg,JgyX
3376.jpg,PrXD
3377.jpg,Lr2V
3378.jpg,xlyO
3379.jpg,4P1s
3380.jpg,AJZL
3381.jpg,O33Y
3382.jpg,7ex1
3383.jpg,EFuP
3384.jpg,mn0y
3385.jpg,e863
3386.jpg,OkJK
3387.jpg,FTMg
3388.jpg,pDjp
3389.jpg,FMkY
3390.jpg,G8rZ
3391.jpg,mKNv
3392.jpg,yHpd
3393.jpg,vOYK
3394.jpg,Yw6U
3395.jpg,itgR
3396.jpg,cNMN
3397.jpg,NP0S
3398.jpg,eKmg
3399.jpg,cJC0
3400.jpg,opI5
3401.jpg,HzVv
3402.jpg,jXfa
3403.jpg,XdKk
3404.jpg,fxOd
3405.jpg,hIXY
3406.jpg,so3v
3407.jpg,w81L
3408.jpg,G3Gn
3409.jpg,pS6i
3410.jpg,G0A9
3411.jpg,EJWs
3412.jpg,dBkz
3413.jpg,IpHi
3414.jpg,ZWh5
3415.jpg,x7Z9
3416.jpg,KTQu
3417.jpg,SaiO
3418.jpg,8nKK
3419.jpg,SzvN
3420.jpg,BAZN
3421.jpg,bryy
3422.jpg,MsTf
3423.jpg,shXf
3424.jpg,sCeO
3425.jpg,FfkK
3426.jpg,SjcR
3427.jpg,3Idl
3428.jpg,zQVN
3429.jpg,0Hnl
3430.jpg,UfE4
3431.jpg,2gjI
3432.jpg,XFS9
3433.jpg,27bY
3434.jpg,ZHlm
3435.jpg,fEPY
3436.jpg,SPJp
3437.jpg,uDfS
3438.jpg,C79U
3439.jpg,OJ5f
3440.jpg,2Qgl
3441.jpg,BkgQ
3442.jpg,9ziL
3443.jpg,Iron
3444.jpg,ipT0
3445.jpg,NoFM
3446.jpg,CStk
3447.jpg,PeWE
3448.jpg,qao4
3449.jpg,2y8V
3450.jpg,pqQX
3451.jpg,mj0c
3452.jpg,oFz0
3453.jpg,kn6K
3454.jpg,rmej
3455.jpg,dxN8
3456.jpg,oARZ
3457.jpg,IxN2
3458.jpg,hYnU
3459.jpg,aAo0
3460.jpg,gska
3461.jpg,px2H
3462.jpg,gBRx
3463.jpg,HW6H
3464.jpg,1cwI
3465.jpg,H4i0
3466.jpg,UjgA
3467.jpg,3hCP
3468.jpg,V72P
3469.jpg,Pxmu
3470.jpg,mtSs
3471.jpg,onFx
3472.jpg,6SPB
3473.jpg,ljuP
3474.jpg,dya5
3475.jpg,RSWk
3476.jpg,b1MU
3477.jpg,aYRX
3478.jpg,aGJb
3479.jpg,immD
3480.jpg,xfZp
3481.jpg,RvLD
3482.jpg,pARG
3483.jpg,ksnm
3484.jpg,yjdd
3485.jpg,H76l
3486.jpg,FkTR
3487.jpg,qHRN
3488.jpg,fGm4
3489.jpg,Dcru
3490.jpg,sI7W
3491.jpg,v66J
3492.jpg,iHCh
3493.jpg,Wx07
3494.jpg,jkaQ
3495.jpg,euiF
3496.jpg,4Er6
3497.jpg,UQER
3498.jpg,dj3v
3499.jpg,jYOi
3500.jpg,5dqW
3501.jpg,xys7
3502.jpg,Qutx
3503.jpg,LW03
3504.jpg,3mGR
3505.jpg,XQOi
3506.jpg,LrQw
3507.jpg,Z65Q
3508.jpg,Y454
3509.jpg,HiL4
3510.jpg,kI2J
3511.jpg,610S
3512.jpg,1XeJ
3513.jpg,zY4g
3514.jpg,Mcj7
3515.jpg,bOey
3516.jpg,KzN8
3517.jpg,IuC8
3518.jpg,Io3O
3519.jpg,gZ4p
3520.jpg,eRl5
3521.jpg,YDxS
3522.jpg,xyBL
3523.jpg,KWWy
3524.jpg,1jTK
3525.jpg,tY86
3526.jpg,NXtk
3527.jpg,CtAX
3528.jpg,Sbfc
3529.jpg,4V65
3530.jpg,enxU
3531.jpg,bwOv
3532.jpg,3NCv
3533.jpg,yu3u
3534.jpg,wEzQ
3535.jpg,AZ9n
3536.jpg,nD71
3537.jpg,qdXs
3538.jpg,en7f
3539.jpg,bd5D
3540.jpg,cdse
3541.jpg,uoRJ
3542.jpg,KN12
3543.jpg,pEHR
3544.jpg,gcyv
3545.jpg,suFe
3546.jpg,tdvo
3547.jpg,JJ3p
3548.jpg,QJUC
3549.jpg,puUc
3550.jpg,yUUe
3551.jpg,hhY1
3552.jpg,OO87
3553.jpg,l5fA
3554.jpg,452d
3555.jpg,8lIY
3556.jpg,cbiY
3557.jpg,i3uh
3558.jpg,B8ef
3559.jpg,y5A1
3560.jpg,1dm0
3561.jpg,TV70
3562.jpg,ke5O
3563.jpg,2lXn
3564.jpg,QGfm
3565.jpg,M0vo
3566.jpg,y6gg
3567.jpg,YFyg
3568.jpg,wVaO
3569.jpg,mv8B
3570.jpg,zz5r
3571.jpg,4NCK
3572.jpg,9fkg
3573.jpg,ABYb
3574.jpg,Zsr4
3575.jpg,PZZW
3576.jpg,gO9U
3577.jpg,M8ai
3578.jpg,t4va
3579.jpg,YlFe
3580.jpg,DRu6
3581.jpg,YV7K
3582.jpg,xbP6
3583.jpg,ab6k
3584.jpg,HU4E
3585.jpg,khHN
3586.jpg,ROb6
3587.jpg,n7yL
3588.jpg,R6Nd
3589.jpg,F6JJ
3590.jpg,MQEQ
3591.jpg,vsE5
3592.jpg,t67Q
3593.jpg,NwkV
3594.jpg,jTpE
3595.jpg,clwp
3596.jpg,fltM
3597.jpg,yXk2
3598.jpg,75GU
3599.jpg,DBfj
3600.jpg,GcYW
3601.jpg,Iy5P
3602.jpg,0BQC
3603.jpg,RGSJ
3604.jpg,1s9P
3605.jpg,o1dp
3606.jpg,Uh39
3607.jpg,MXSV
3608.jpg,lSzc
3609.jpg,xFLB
3610.jpg,ZSQi
3611.jpg,iNx1
3612.jpg,ZPfY
3613.jpg,sEkP
3614.jpg,b6EX
3615.jpg,Mku5
3616.jpg,eR23
3617.jpg,Dgga
3618.jpg,FwsA
3619.jpg,kb2f
3620.jpg,NCFH
3621.jpg,gdYz
3622.jpg,Ckfi
3623.jpg,Qrea
3624.jpg,WXas
3625.jpg,4oP7
3626.jpg,3T5V
3627.jpg,dgHS
3628.jpg,4oDT
3629.jpg,pSo6
3630.jpg,tJpG
3631.jpg,sZby
3632.jpg,EdDD
3633.jpg,lh1U
3634.jpg,Dtbn
3635.jpg,c9On
3636.jpg,BjAj
3637.jpg,DVic
3638.jpg,4ISj
3639.jpg,ehtW
3640.jpg,FRaH
3641.jpg,bQ1g
3642.jpg,7lp2
3643.jpg,i3Mb
3644.jpg,EwRi
3645.jpg,lQ0N
3646.jpg,TaNE
3647.jpg,rqIh
3648.jpg,NTfw
3649.jpg,aVzf
3650.jpg,Cj36
3651.jpg,nZvc
3652.jpg,gEUE
3653.jpg,iEKN
3654.jpg,mzsI
3655.jpg,kJyP
3656.jpg,nSvB
3657.jpg,GJX4
3658.jpg,SYNh
3659.jpg,rz1b
3660.jpg,7IzX
3661.jpg,2sRy
3662.jpg,2rlz
3663.jpg,ieKT
3664.jpg,WBlh
3665.jpg,5G9o
3666.jpg,ZQC8
3667.jpg,z4G9
3668.jpg,OjHa
3669.jpg,NT8b
3670.jpg,C41v
3671.jpg,8wLP
3672.jpg,1EIy
3673.jpg,YkR0
3674.jpg,s5nx
3675.jpg,5Vbh
3676.jpg,8iqu
3677.jpg,QX04
3678.jpg,uoDt
3679.jpg,xtkI
3680.jpg,GNOo
3681.jpg,wz6N
3682.jpg,aMol
3683.jpg,6ENq
3684.jpg,Cq4J
3685.jpg,tzbh
3686.jpg,rljg
3687.jpg,IYWm
3688.jpg,QOGU
3689.jpg,T9If
3690.jpg,4SRc
3691.jpg,TW2y
3692.jpg,CThM
3693.jpg,K8Sl
3694.jpg,IZrZ
3695.jpg,bUZS
3696.jpg,MK8q
3697.jpg,gXDc
3698.jpg,61Td
3699.jpg,D3fe
3700.jpg,QYf6
3701.jpg,emBp
3702.jpg,znjW
3703.jpg,pOPm
3704.jpg,DOnF
3705.jpg,QUhO
3706.jpg,BwYk
3707.jpg,WD7M
3708.jpg,4Oyb
3709.jpg,XxlW
3710.jpg,heka
3711.jpg,gpOj
3712.jpg,UCPA
3713.jpg,sUNj
3714.jpg,Ur0O
3715.jpg,oiNT
3716.jpg,pWyq
3717.jpg,CKZO
3718.jpg,rGZz
3719.jpg,Pa1w
3720.jpg,CVl0
3721.jpg,Vpdf
3722.jpg,ckPK
3723.jpg,kZCk
3724.jpg,xH3E
3725.jpg,to1M
3726.jpg,AthQ
3727.jpg,moOE
3728.jpg,HhFy
3729.jpg,gF95
3730.jpg,CkC5
3731.jpg,rnEL
3732.jpg,5WFf
3733.jpg,kaUr
3734.jpg,6sXl
3735.jpg,1iCD
3736.jpg,qntu
3737.jpg,Hfcz
3738.jpg,I0ps
3739.jpg,7iti
3740.jpg,l57m
3741.jpg,3Zso
3742.jpg,26rH
3743.jpg,UQ3T
3744.jpg,bDCU
3745.jpg,LKfx
3746.jpg,2adt
3747.jpg,6I5W
3748.jpg,jHYe
3749.jpg,A3mG
3750.jpg,rP1Q
3751.jpg,X7WM
3752.jpg,haWR
3753.jpg,1GqM
3754.jpg,vIo1
3755.jpg,He8P
3756.jpg,dpzp
3757.jpg,FRnC
3758.jpg,9ovz
3759.jpg,o6Db
3760.jpg,Za9G
3761.jpg,92Zn
3762.jpg,lJtm
3763.jpg,Lbz5
3764.jpg,z85E
3765.jpg,mrp9
3766.jpg,Czzm
3767.jpg,rAdo
3768.jpg,xFEY
3769.jpg,rL9V
3770.jpg,Tmf4
3771.jpg,3lYw
3772.jpg,XkSv
3773.jpg,dokK
3774.jpg,X17h
3775.jpg,IbLQ
3776.jpg,cfLN
3777.jpg,LXT8
3778.jpg,UY0W
3779.jpg,Amxw
3780.jpg,Jfws
3781.jpg,zHqb
3782.jpg,9PDy
3783.jpg,EClp
3784.jpg,U07O
3785.jpg,5efz
3786.jpg,HOWB
3787.jpg,70Gy
3788.jpg,3VOn
3789.jpg,MndZ
3790.jpg,SOXh
3791.jpg,rUCO
3792.jpg,OW4l
3793.jpg,NZX3
3794.jpg,fVZs
3795.jpg,BVMg
3796.jpg,hm6P
3797.jpg,2cQg
3798.jpg,Ti9V
3799.jpg,GRpj
3800.jpg,J4qz
3801.jpg,5i2m
3802.jpg,HiCQ
3803.jpg,waAV
3804.jpg,KgYG
3805.jpg,ThGl
3806.jpg,koaI
3807.jpg,58yw
3808.jpg,Sbox
3809.jpg,qrjr
3810.jpg,tR5n
3811.jpg,hhd7
3812.jpg,sSLH
3813.jpg,vHml
3814.jpg,hW4y
3815.jpg,uI8a
3816.jpg,IOIe
3817.jpg,Z8Nc
3818.jpg,qQRY
3819.jpg,H3Lp
3820.jpg,zte3
3821.jpg,rvz3
3822.jpg,WFGg
3823.jpg,K8iA
3824.jpg,PxXi
3825.jpg,KJe0
3826.jpg,zJRv
3827.jpg,rLye
3828.jpg,nt4d
3829.jpg,cLJN
3830.jpg,MxrA
3831.jpg,uBLW
3832.jpg,93J5
3833.jpg,8O2l
3834.jpg,R46x
3835.jpg,Tlbn
3836.jpg,VWaT
3837.jpg,cFiF
3838.jpg,ySli
3839.jpg,3k3y
3840.jpg,xJUP
3841.jpg,7feg
3842.jpg,WtO9
3843.jpg,qZKK
3844.jpg,DvQl
3845.jpg,Mm5V
3846.jpg,bWnJ
3847.jpg,Jcz1
3848.jpg,a5N9
3849.jpg,EOoO
3850.jpg,wt4W
3851.jpg,h6L6
3852.jpg,cywa
3853.jpg,bx6Q
3854.jpg,XCfY
3855.jpg,ctcI
3856.jpg,Wp9g
3857.jpg,u6HT
3858.jpg,jLZr
3859.jpg,AsGk
3860.jpg,MrRD
3861.jpg,f3rM
3862.jpg,Jrum
3863.jpg,6GFz
3864.jpg,hbUG
3865.jpg,fgDQ
3866.jpg,7cWk
3867.jpg,WxIA
3868.jpg,ONif
3869.jpg,A11S
3870.jpg,Ydck
3871.jpg,DIjR
3872.jpg,BqCm
3873.jpg,bvkI
3874.jpg,Eakc
3875.jpg,EnZv
3876.jpg,BxdU
3877.jpg,NGj3
3878.jpg,U0LB
3879.jpg,ilBu
3880.jpg,lcj2
3881.jpg,SIGQ
3882.jpg,aLGC
3883.jpg,5j4k
3884.jpg,N21U
3885.jpg,acZM
3886.jpg,3zdJ
3887.jpg,mBxG
3888.jpg,E2kM
3889.jpg,L1Ih
3890.jpg,xrQD
3891.jpg,FV75
3892.jpg,s2HB
3893.jpg,3Ufi
3894.jpg,w8eT
3895.jpg,xBWD
3896.jpg,kow0
3897.jpg,gcN3
3898.jpg,LKPN
3899.jpg,Xuy9
3900.jpg,zOTm
3901.jpg,1z5N
3902.jpg,iG6Q
3903.jpg,rmzq
3904.jpg,zJ84
3905.jpg,xNVw
3906.jpg,J24O
3907.jpg,LDcU
3908.jpg,O51C
3909.jpg,hW6Q
3910.jpg,aFuE
3911.jpg,LnNa
3912.jpg,xY6z
3913.jpg,6tTw
3914.jpg,ne8M
3915.jpg,hoDI
3916.jpg,DKp3
3917.jpg,GOGy
3918.jpg,5hTK
3919.jpg,EdXG
3920.jpg,R5wm
3921.jpg,NR1j
3922.jpg,AHZV
3923.jpg,CRXt
3924.jpg,F01L
3925.jpg,3S8m
3926.jpg,38Pz
3927.jpg,IrWc
3928.jpg,r2rC
3929.jpg,RP8d
3930.jpg,hAul
3931.jpg,rnpe
3932.jpg,vQBJ
3933.jpg,xEWH
3934.jpg,DfpK
3935.jpg,pKI9
3936.jpg,vyzq
3937.jpg,gdgr
3938.jpg,9v6A
3939.jpg,M3qJ
3940.jpg,2V7P
3941.jpg,lzwr
3942.jpg,Bluy
3943.jpg,uGyZ
3944.jpg,Yf3Y
3945.jpg,OvoY
3946.jpg,C5ML
3947.jpg,I5NX
3948.jpg,hT6t
3949.jpg,FPbR
3950.jpg,XONu
3951.jpg,YJLm
3952.jpg,gOD0
3953.jpg,TxE0
3954.jpg,M25l
3955.jpg,lYn9
3956.jpg,9wOT
3957.jpg,ajuz
3958.jpg,EpSw
3959.jpg,xeNS
3960.jpg,Cl6C
3961.jpg,0i4a
3962.jpg,fTsG
3963.jpg,WAVv
3964.jpg,AhOa
3965.jpg,BJug
3966.jpg,NCBH
3967.jpg,9onY
3968.jpg,i9xx
3969.jpg,ifZ6
3970.jpg,qEik
3971.jpg,kdPD
3972.jpg,hC1x
3973.jpg,CLna
3974.jpg,nyCj
3975.jpg,pLfZ
3976.jpg,qT07
3977.jpg,Qpmi
3978.jpg,olQU
3979.jpg,4b2g
3980.jpg,s1NU
3981.jpg,vATt
3982.jpg,A3pO
3983.jpg,0kwm
3984.jpg,xScL
3985.jpg,h6UG
3986.jpg,LSJw
3987.jpg,RBZV
3988.jpg,Mmzj
3989.jpg,EOXT
3990.jpg,bsix
3991.jpg,KSyY
3992.jpg,Aq2l
3993.jpg,fEDc
3994.jpg,wR5e
3995.jpg,E7dn
3996.jpg,7d4D
3997.jpg,Pvw6
3998.jpg,QXva
3999.jpg,Fj1F
4000.jpg,lLNy
4001.jpg,oBCG
4002.jpg,HFDv
4003.jpg,fHLc
4004.jpg,nADe
4005.jpg,llNo
4006.jpg,555J
4007.jpg,tQo7
4008.jpg,JVjw
4009.jpg,wdQY
4010.jpg,9y3m
4011.jpg,wmy5
4012.jpg,MBx2
4013.jpg,0QKI
4014.jpg,tpVF
4015.jpg,z1s1
4016.jpg,hx0N
4017.jpg,orQ6
4018.jpg,ZJqR
4019.jpg,WG2K
4020.jpg,ggzO
4021.jpg,ocSe
4022.jpg,zpzA
4023.jpg,UmPU
4024.jpg,kqvt
4025.jpg,GzKW
4026.jpg,VGDh
4027.jpg,UpcK
4028.jpg,8E4Y
4029.jpg,hMOy
4030.jpg,uhAB
4031.jpg,a7V7
4032.jpg,GA5H
4033.jpg,AKXa
4034.jpg,APSI
4035.jpg,lzhC
4036.jpg,Or6D
4037.jpg,uMxa
4038.jpg,QQCt
4039.jpg,MNem
4040.jpg,fTSd
4041.jpg,IATm
4042.jpg,k4qb
4043.jpg,F9OF
4044.jpg,xGBL
4045.jpg,9hEi
4046.jpg,d2a0
4047.jpg,KfSw
4048.jpg,mA6M
4049.jpg,b05i
4050.jpg,tCJV
4051.jpg,r5dP
4052.jpg,Eh8b
4053.jpg,B67m
4054.jpg,MeGM
4055.jpg,T1CZ
4056.jpg,EyMA
4057.jpg,0OSC
4058.jpg,MVg5
4059.jpg,UBmj
4060.jpg,muJn
4061.jpg,81fT
4062.jpg,ZX9x
4063.jpg,GPm0
4064.jpg,zRaP
4065.jpg,h5tc
4066.jpg,AY6y
4067.jpg,buGQ
4068.jpg,cVam
4069.jpg,ykEV
4070.jpg,yJZg
4071.jpg,i6GO
4072.jpg,FjNo
4073.jpg,ws6W
4074.jpg,C3j1
4075.jpg,NUKK
4076.jpg,qcVE
4077.jpg,sUXi
4078.jpg,sNfy
4079.jpg,lb6s
4080.jpg,Bx9W
4081.jpg,Rfyg
4082.jpg,DUzu
4083.jpg,WbFv
4084.jpg,ljvJ
4085.jpg,VowG
4086.jpg,cbEg
4087.jpg,YQqM
4088.jpg,fbfA
4089.jpg,vFbI
4090.jpg,n4tx
4091.jpg,nwTx
4092.jpg,7AH3
4093.jpg,iNXz
4094.jpg,IpZy
4095.jpg,uAj6
4096.jpg,awvX
4097.jpg,MLYu
4098.jpg,gFrz
4099.jpg,Paea
4100.jpg,YLRg
4101.jpg,9Ux7
4102.jpg,aOX0
4103.jpg,VGHh
4104.jpg,V0tN
4105.jpg,AFBJ
4106.jpg,JEQu
4107.jpg,qIiT
4108.jpg,FwOR
4109.jpg,xFsi
4110.jpg,QUeN
4111.jpg,tyqe
4112.jpg,0WtD
4113.jpg,MkBf
4114.jpg,Sf0D
4115.jpg,Coli
4116.jpg,qGdM
4117.jpg,TNms
4118.jpg,dc1d
4119.jpg,Ivh7
4120.jpg,mTp5
4121.jpg,0S6m
4122.jpg,21mL
4123.jpg,IHL4
4124.jpg,zMhb
4125.jpg,z4tA
4126.jpg,zzo7
4127.jpg,jbgz
4128.jpg,m4Yo
4129.jpg,SuaL
4130.jpg,RRCI
4131.jpg,Nv5N
4132.jpg,itnT
4133.jpg,Stuz
4134.jpg,Z6aF
4135.jpg,3HJG
4136.jpg,Hnmq
4137.jpg,bL29
4138.jpg,iXjd
4139.jpg,eq0i
4140.jpg,qrXG
4141.jpg,hLak
4142.jpg,0WVs
4143.jpg,C5Vq
4144.jpg,h3nk
4145.jpg,QQ2s
4146.jpg,LheS
4147.jpg,5Ixk
4148.jpg,FQLG
4149.jpg,hHCX
4150.jpg,deYY
4151.jpg,yaqG
4152.jpg,iQO2
4153.jpg,Xw15
4154.jpg,u4zT
4155.jpg,MwoI
4156.jpg,SNJQ
4157.jpg,X6Pv
4158.jpg,577q
4159.jpg,tV3L
4160.jpg,5CIu
4161.jpg,NEr0
4162.jpg,CgTb
4163.jpg,egyO
4164.jpg,DAkl
4165.jpg,wFhw
4166.jpg,uZOd
4167.jpg,L7xx
4168.jpg,aEyo
4169.jpg,PJJZ
4170.jpg,70pc
4171.jpg,tVHX
4172.jpg,CMIu
4173.jpg,BrvM
4174.jpg,aEiO
4175.jpg,KXWO
4176.jpg,78Ry
4177.jpg,wQu5
4178.jpg,UN37
4179.jpg,k0Cm
4180.jpg,eBzn
4181.jpg,HI5y
4182.jpg,KYTc
4183.jpg,94Rg
4184.jpg,Lh2d
4185.jpg,JL6m
4186.jpg,BalD
4187.jpg,CEWY
4188.jpg,Fv0h
4189.jpg,5kAx
4190.jpg,2RxV
4191.jpg,bUDH
4192.jpg,snWp
4193.jpg,9w8i
4194.jpg,bHrV
4195.jpg,PGZD
4196.jpg,2f7X
4197.jpg,WZ8h
4198.jpg,XYUi
4199.jpg,DC0V
4200.jpg,QBwT
4201.jpg,XGkO
4202.jpg,O7bi
4203.jpg,1scK
4204.jpg,ll2s
4205.jpg,FHTX
4206.jpg,C12f
4207.jpg,rZpA
4208.jpg,y9v5
4209.jpg,UAtD
4210.jpg,zKIt
4211.jpg,R6oY
4212.jpg,wok1
4213.jpg,p7fk
4214.jpg,JZVv
4215.jpg,4EAs
4216.jpg,hZov
4217.jpg,uqS2
4218.jpg,GkvA
4219.jpg,eYcV
4220.jpg,miUJ
4221.jpg,mKnw
4222.jpg,Fjhw
4223.jpg,CnYt
4224.jpg,dBbs
4225.jpg,SZDG
4226.jpg,91Z1
4227.jpg,bBgI
4228.jpg,0VdD
4229.jpg,Jmee
4230.jpg,J3vU
4231.jpg,paZt
4232.jpg,P9ty
4233.jpg,H1ek
4234.jpg,sUDO
4235.jpg,fc0X
4236.jpg,FjkZ
4237.jpg,7rOm
4238.jpg,0UrF
4239.jpg,Dqww
4240.jpg,C5Vr
4241.jpg,HtsI
4242.jpg,lYb6
4243.jpg,aJ8j
4244.jpg,J40W
4245.jpg,yM5W
4246.jpg,ru0P
4247.jpg,z3m7
4248.jpg,irwu
4249.jpg,t6Lh
4250.jpg,MQs6
4251.jpg,9Mqx
4252.jpg,LnDd
4253.jpg,GaZy
4254.jpg,2lfd
4255.jpg,9SDJ
4256.jpg,yf7t
4257.jpg,I6w2
4258.jpg,HVkK
4259.jpg,bEQT
4260.jpg,weOE
4261.jpg,Ytuh
4262.jpg,Qw3F
4263.jpg,douI
4264.jpg,S50K
4265.jpg,rfoz
4266.jpg,M1xK
4267.jpg,5ts5
4268.jpg,ZTIb
4269.jpg,eM8t
4270.jpg,ZKfd
4271.jpg,0fXo
4272.jpg,4n5g
4273.jpg,CcZP
4274.jpg,K33Z
4275.jpg,wvLF
4276.jpg,McQh
4277.jpg,sLbC
4278.jpg,34Uu
4279.jpg,m5lz
4280.jpg,H448
4281.jpg,AmFa
4282.jpg,XGxM
4283.jpg,y2a3
4284.jpg,0Tig
4285.jpg,xxER
4286.jpg,XAny
4287.jpg,TA1V
4288.jpg,KEDG
4289.jpg,Cu1m
4290.jpg,tGSt
4291.jpg,LnGb
4292.jpg,G7eq
4293.jpg,cBHx
4294.jpg,LGAD
4295.jpg,pjn3
4296.jpg,kFsD
4297.jpg,h3BZ
4298.jpg,Iseb
4299.jpg,zV5z
4300.jpg,p5Vs
4301.jpg,Qwl4
4302.jpg,wMDR
4303.jpg,bYdw
4304.jpg,WyNI
4305.jpg,OshI
4306.jpg,7EOA
4307.jpg,Zk1S
4308.jpg,6ZNV
4309.jpg,rr3T
4310.jpg,K1pJ
4311.jpg,mNda
4312.jpg,dAzs
4313.jpg,jh7f
4314.jpg,c0DH
4315.jpg,JK0T
4316.jpg,zb7a
4317.jpg,zdhK
4318.jpg,A2nC
4319.jpg,ZhIY
4320.jpg,PsNY
4321.jpg,8TjL
4322.jpg,8teH
4323.jpg,WAJp
4324.jpg,5ai8
4325.jpg,vjGR
4326.jpg,jjJo
4327.jpg,evPO
4328.jpg,Usu5
4329.jpg,obsU
4330.jpg,Id9Z
4331.jpg,XC8K
4332.jpg,WXEX
4333.jpg,UqDC
4334.jpg,uzSl
4335.jpg,YTJn
4336.jpg,cZxy
4337.jpg,Hkdd
4338.jpg,vwQy
4339.jpg,7rFF
4340.jpg,Jvkv
4341.jpg,aFY2
4342.jpg,SRVd
4343.jpg,nTPb
4344.jpg,4rav
4345.jpg,P2MS
4346.jpg,8nRT
4347.jpg,fxmu
4348.jpg,rrgr
4349.jpg,xCI5
4350.jpg,ktEh
4351.jpg,NpVr
4352.jpg,ENzx
4353.jpg,NvE8
4354.jpg,Eogy
4355.jpg,Ca46
4356.jpg,tAHj
4357.jpg,zG8L
4358.jpg,fmVJ
4359.jpg,8IKQ
4360.jpg,Ctxx
4361.jpg,j6q5
4362.jpg,g2kP
4363.jpg,IS8U
4364.jpg,tja5
4365.jpg,LFIW
4366.jpg,wydY
4367.jpg,8mli
4368.jpg,0A0I
4369.jpg,RQ5e
4370.jpg,bJvR
4371.jpg,lBPh
4372.jpg,X2pW
4373.jpg,MEFW
4374.jpg,J0pv
4375.jpg,h3e9
4376.jpg,Qq5W
4377.jpg,stYk
4378.jpg,0rN8
4379.jpg,7TMk
4380.jpg,tyoT
4381.jpg,wzYa
4382.jpg,yXKd
4383.jpg,biVR
4384.jpg,vlGo
4385.jpg,oe9d
4386.jpg,KHUW
4387.jpg,08ue
4388.jpg,SbSa
4389.jpg,zkJ3
4390.jpg,Vqmn
4391.jpg,e8g8
4392.jpg,erTS
4393.jpg,mRib
4394.jpg,O5NN
4395.jpg,od2I
4396.jpg,EAK2
4397.jpg,EEYB
4398.jpg,wNMN
4399.jpg,QMxI
4400.jpg,WiLI
4401.jpg,Ma7V
4402.jpg,gNIm
4403.jpg,FOz0
4404.jpg,LmKf
4405.jpg,bfkE
4406.jpg,1gay
4407.jpg,1ouQ
4408.jpg,UegE
4409.jpg,oPlR
4410.jpg,pIw2
4411.jpg,bWNL
4412.jpg,70T9
4413.jpg,r19H
4414.jpg,0AJ6
4415.jpg,SsD7
4416.jpg,VVvv
4417.jpg,X14g
4418.jpg,wjTQ
4419.jpg,C1u1
4420.jpg,oYyU
4421.jpg,UXxM
4422.jpg,jEvE
4423.jpg,swh9
4424.jpg,Ef9A
4425.jpg,sdsK
4426.jpg,IHxe
4427.jpg,DEkx
4428.jpg,Iv2e
4429.jpg,A5v1
4430.jpg,kyFB
4431.jpg,7lYS
4432.jpg,30VG
4433.jpg,6zbO
4434.jpg,FhC8
4435.jpg,Ihbo
4436.jpg,ZSuy
4437.jpg,lv2u
4438.jpg,cVnc
4439.jpg,EBj6
4440.jpg,ovLj
4441.jpg,qXg4
4442.jpg,vOHi
4443.jpg,mlq1
4444.jpg,GlC0
4445.jpg,wCEg
4446.jpg,swSZ
4447.jpg,fVdc
4448.jpg,7psu
4449.jpg,JTbD
4450.jpg,AvkI
4451.jpg,iLYI
4452.jpg,qYA3
4453.jpg,xLbe
4454.jpg,RKCv
4455.jpg,8aF5
4456.jpg,HJpm
4457.jpg,N84o
4458.jpg,oESC
4459.jpg,9kcW
4460.jpg,w0BP
4461.jpg,ohPY
4462.jpg,74Xp
4463.jpg,hDXb
4464.jpg,4m8T
4465.jpg,1qON
4466.jpg,ilJI
4467.jpg,0oHS
4468.jpg,Ia5p
4469.jpg,FVPs
4470.jpg,8Eyg
4471.jpg,rYdm
4472.jpg,pmP1
4473.jpg,YalD
4474.jpg,3Cgr
4475.jpg,ctLk
4476.jpg,UEM6
4477.jpg,QH50
4478.jpg,DxLN
4479.jpg,JfAx
4480.jpg,Xgjw
4481.jpg,TsCQ
4482.jpg,YbAY
4483.jpg,jO4N
4484.jpg,M90O
4485.jpg,lTQD
4486.jpg,E6XH
4487.jpg,I8Zu
4488.jpg,tXpb
4489.jpg,qqgy
4490.jpg,wkVT
4491.jpg,YUQW
4492.jpg,AyL7
4493.jpg,EOSb
4494.jpg,6CFZ
4495.jpg,YGqN
4496.jpg,p45U
4497.jpg,9NFe
4498.jpg,C86G
4499.jpg,HVuv
4500.jpg,oiBT
4501.jpg,ZgvA
4502.jpg,CFVO
4503.jpg,hpGH
4504.jpg,dBuH
4505.jpg,OE5t
4506.jpg,7n5i
4507.jpg,nRqN
4508.jpg,13a5
4509.jpg,TymP
4510.jpg,92UE
4511.jpg,gZDu
4512.jpg,jKUl
4513.jpg,03YU
4514.jpg,7WzY
4515.jpg,DHH4
4516.jpg,Vzim
4517.jpg,WLPP
4518.jpg,ZKC7
4519.jpg,D4xU
4520.jpg,utbh
4521.jpg,LR8B
4522.jpg,XatM
4523.jpg,yugj
4524.jpg,26py
4525.jpg,WEmy
4526.jpg,EkBo
4527.jpg,77Kc
4528.jpg,0en1
4529.jpg,u7Kh
4530.jpg,lSCm
4531.jpg,ojIZ
4532.jpg,Aw4i
4533.jpg,o6aX
4534.jpg,Mb8I
4535.jpg,e6X7
4536.jpg,xknP
4537.jpg,vr1k
4538.jpg,Emes
4539.jpg,HW1R
4540.jpg,HHNr
4541.jpg,9tjO
4542.jpg,fz6N
4543.jpg,mUhW
4544.jpg,8NTa
4545.jpg,4Mn5
4546.jpg,Crna
4547.jpg,XVod
4548.jpg,Fn6e
4549.jpg,k84Q
4550.jpg,8Nsn
4551.jpg,Oi98
4552.jpg,Dysd
4553.jpg,sBwI
4554.jpg,Nrlv
4555.jpg,QqeK
4556.jpg,9etk
4557.jpg,gFUc
4558.jpg,PAnn
4559.jpg,vxDR
4560.jpg,R8N5
4561.jpg,m3HT
4562.jpg,mOkv
4563.jpg,nc7g
4564.jpg,M4tP
4565.jpg,CWq3
4566.jpg,B0o7
4567.jpg,IXaU
4568.jpg,lvwu
4569.jpg,thwf
4570.jpg,jkDK
4571.jpg,cJQl
4572.jpg,HSrA
4573.jpg,zijI
4574.jpg,gUOU
4575.jpg,yay1
4576.jpg,l3O4
4577.jpg,2TyY
4578.jpg,Oq7C
4579.jpg,DpCc
4580.jpg,v6iS
4581.jpg,fqzT
4582.jpg,2nPW
4583.jpg,lPQ6
4584.jpg,p5En
4585.jpg,1JBt
4586.jpg,xr27
4587.jpg,l6b6
4588.jpg,ewfb
4589.jpg,uDsx
4590.jpg,MBon
4591.jpg,Hive
4592.jpg,rXmQ
4593.jpg,68go
4594.jpg,0v1m
4595.jpg,qZFI
4596.jpg,z3l8
4597.jpg,WvMi
4598.jpg,Nhrw
4599.jpg,Gnve
4600.jpg,AiHT
4601.jpg,TJWr
4602.jpg,nIbf
4603.jpg,lQp3
4604.jpg,zYQC
4605.jpg,2WyH
4606.jpg,aoUv
4607.jpg,rDPW
4608.jpg,W14d
4609.jpg,bbI4
4610.jpg,6KYC
4611.jpg,nJnJ
4612.jpg,fv6I
4613.jpg,vHlB
4614.jpg,XL0o
4615.jpg,qlzF
4616.jpg,slFz
4617.jpg,vS8U
4618.jpg,f9J2
4619.jpg,fdmL
4620.jpg,fTiQ
4621.jpg,lbiy
4622.jpg,GWqs
4623.jpg,aM4u
4624.jpg,ij7C
4625.jpg,s2Ir
4626.jpg,JqhO
4627.jpg,IkVJ
4628.jpg,FiIM
4629.jpg,WUUd
4630.jpg,zhPN
4631.jpg,rJVb
4632.jpg,VlRi
4633.jpg,691w
4634.jpg,o2Aw
4635.jpg,EbaU
4636.jpg,EGNV
4637.jpg,W1pn
4638.jpg,LpQD
4639.jpg,BQJI
4640.jpg,VS6t
4641.jpg,3XS5
4642.jpg,jl4N
4643.jpg,y7uL
4644.jpg,YCDe
4645.jpg,dBsB
4646.jpg,cGYb
4647.jpg,dRaU
4648.jpg,f6La
4649.jpg,FJCz
4650.jpg,8VFO
4651.jpg,gawB
4652.jpg,VjCs
4653.jpg,o02I
4654.jpg,0CZ1
4655.jpg,kJk2
4656.jpg,3gCG
4657.jpg,2dmH
4658.jpg,BHXW
4659.jpg,dvYF
4660.jpg,CUxL
4661.jpg,bbZy
4662.jpg,2Qla
4663.jpg,1rHw
4664.jpg,8Y7B
4665.jpg,8ktp
4666.jpg,kRyE
4667.jpg,mCbw
4668.jpg,T8Af
4669.jpg,EXwP
4670.jpg,oC14
4671.jpg,BazL
4672.jpg,dteH
4673.jpg,Q54C
4674.jpg,XBx9
4675.jpg,DODS
4676.jpg,EtSW
4677.jpg,Np3W
4678.jpg,bcJa
4679.jpg,0eDa
4680.jpg,n9vn
4681.jpg,gaYv
4682.jpg,lQCE
4683.jpg,HtI1
4684.jpg,yteZ
4685.jpg,AABl
4686.jpg,LY1e
4687.jpg,dHXc
4688.jpg,H2t0
4689.jpg,FF8w
4690.jpg,9qdI
4691.jpg,6GQ0
4692.jpg,7XlL
4693.jpg,aY3c
4694.jpg,tdU6
4695.jpg,pfUO
4696.jpg,DMoJ
4697.jpg,A9EY
4698.jpg,0hoE
4699.jpg,BPo5
4700.jpg,ajlB
4701.jpg,7c47
4702.jpg,RfDB
4703.jpg,5aQ3
4704.jpg,53iy
4705.jpg,09Yu
4706.jpg,07eH
4707.jpg,ck9S
4708.jpg,TgPO
4709.jpg,CzAy
4710.jpg,56kR
4711.jpg,U78o
4712.jpg,M715
4713.jpg,mCj4
4714.jpg,T79p
4715.jpg,o7h8
4716.jpg,wr8R
4717.jpg,xRkA
4718.jpg,Ou82
4719.jpg,n1N8
4720.jpg,ly7r
4721.jpg,13Ep
4722.jpg,hZXO
4723.jpg,lxTv
4724.jpg,HidL
4725.jpg,3p0O
4726.jpg,Tcd5
4727.jpg,Ih8S
4728.jpg,3sxr
4729.jpg,uNds
4730.jpg,T48Z
4731.jpg,RjtZ
4732.jpg,s4P5
4733.jpg,mPC9
4734.jpg,8Pqp
4735.jpg,WDox
4736.jpg,L5jo
4737.jpg,wESK
4738.jpg,incT
4739.jpg,48W3
4740.jpg,Jtx1
4741.jpg,hslD
4742.jpg,zz1D
4743.jpg,yoOI
4744.jpg,LtFl
4745.jpg,AzXV
4746.jpg,URw4
4747.jpg,LE8M
4748.jpg,qlEU
4749.jpg,9enI
4750.jpg,Z86Z
4751.jpg,tvBP
4752.jpg,w5X2
4753.jpg,XsT3
4754.jpg,36b2
4755.jpg,wqQ0
4756.jpg,B8sD
4757.jpg,4Ipw
4758.jpg,rxRR
4759.jpg,8ekP
4760.jpg,cDHF
4761.jpg,Tkuq
4762.jpg,BJ5t
4763.jpg,QfoG
4764.jpg,i5oC
4765.jpg,xgeT
4766.jpg,aFJL
4767.jpg,DWTg
4768.jpg,Sc9S
4769.jpg,2pwA
4770.jpg,Vuhh
4771.jpg,RXyi
4772.jpg,EJ95
4773.jpg,SYuR
4774.jpg,CJBT
4775.jpg,iWY2
4776.jpg,4Dbp
4777.jpg,TEqU
4778.jpg,4fF5
4779.jpg,xXmk
4780.jpg,mz8J
4781.jpg,jjG8
4782.jpg,fLco
4783.jpg,zz0d
4784.jpg,Oyjh
4785.jpg,pAdZ
4786.jpg,ZJhT
4787.jpg,b9r6
4788.jpg,cn8h
4789.jpg,ub4m
4790.jpg,dRGL
4791.jpg,Bknc
4792.jpg,UrKe
4793.jpg,xDwM
4794.jpg,o3ny
4795.jpg,r7V3
4796.jpg,Ar9J
4797.jpg,J3aA
4798.jpg,Vgy3
4799.jpg,BGqV
4800.jpg,Kc88
4801.jpg,V0VQ
4802.jpg,UnM3
4803.jpg,kVq2
4804.jpg,sikV
4805.jpg,x2a2
4806.jpg,Fyl4
4807.jpg,b6vH
4808.jpg,vzW5
4809.jpg,rIpj
4810.jpg,zbZm
4811.jpg,8ZHV
4812.jpg,QQ99
4813.jpg,YWeg
4814.jpg,pgHV
4815.jpg,CmQh
4816.jpg,ZG6G
4817.jpg,dLFz
4818.jpg,0a8n
4819.jpg,mfsr
4820.jpg,Kb0h
4821.jpg,P1zK
4822.jpg,Df6c
4823.jpg,msQ4
4824.jpg,RV3C
4825.jpg,Fjxx
4826.jpg,Dody
4827.jpg,837f
4828.jpg,BqT6
4829.jpg,HQDM
4830.jpg,br0g
4831.jpg,vlCS
4832.jpg,jFcB
4833.jpg,Kamj
4834.jpg,3c1S
4835.jpg,Eu1Q
4836.jpg,sL0q
4837.jpg,OFXP
4838.jpg,vtRr
4839.jpg,1bOq
4840.jpg,KO3J
4841.jpg,IA2A
4842.jpg,IUHD
4843.jpg,c06Q
4844.jpg,ilVu
4845.jpg,yI7A
4846.jpg,J3Js
4847.jpg,bgYS
4848.jpg,g6gf
4849.jpg,X4xC
4850.jpg,8bX1
4851.jpg,3bWQ
4852.jpg,fhYQ
4853.jpg,ovLx
4854.jpg,iM2j
4855.jpg,djzq
4856.jpg,GNa7
4857.jpg,H6fY
4858.jpg,hZzS
4859.jpg,hzJ1
4860.jpg,VVEC
4861.jpg,kHAB
4862.jpg,t1kn
4863.jpg,KLOH
4864.jpg,Kmp1
4865.jpg,NG4K
4866.jpg,WYaZ
4867.jpg,LDsd
4868.jpg,O6oZ
4869.jpg,ZOlu
4870.jpg,RYYj
4871.jpg,WIXT
4872.jpg,0ndn
4873.jpg,bQfc
4874.jpg,Qh7h
4875.jpg,k5S1
4876.jpg,1lsV
4877.jpg,P7sK
4878.jpg,Om7t
4879.jpg,X7AW
4880.jpg,xfxT
4881.jpg,64ea
4882.jpg,pNVN
4883.jpg,j3Vd
4884.jpg,YeCp
4885.jpg,39qD
4886.jpg,rEiM
4887.jpg,4Qs8
4888.jpg,OWJS
4889.jpg,Ts9M
4890.jpg,MGNp
4891.jpg,7XGk
4892.jpg,XDdr
4893.jpg,4Dim
4894.jpg,ZVmQ
4895.jpg,CKaA
4896.jpg,aElq
4897.jpg,sjeO
4898.jpg,9qEE
4899.jpg,rHXn
4900.jpg,5xY9
4901.jpg,Rmew
4902.jpg,6KpW
4903.jpg,Jstu
4904.jpg,jRBv
4905.jpg,va7O
4906.jpg,k5ce
4907.jpg,Gmiy
4908.jpg,s03K
4909.jpg,5yM1
4910.jpg,OG5f
4911.jpg,9C4Z
4912.jpg,fPMZ
4913.jpg,fmbH
4914.jpg,dASI
4915.jpg,Hcvk
4916.jpg,ZkJo
4917.jpg,YWr0
4918.jpg,jbFa
4919.jpg,TLF7
4920.jpg,R9Is
4921.jpg,UOw4
4922.jpg,CBxE
4923.jpg,l5Pn
4924.jpg,oqxN
4925.jpg,wiwB
4926.jpg,hiqp
4927.jpg,L4hE
4928.jpg,rius
4929.jpg,l5Se
4930.jpg,WFu7
4931.jpg,8x76
4932.jpg,78qx
4933.jpg,mYWx
4934.jpg,R7sf
4935.jpg,mWKJ
4936.jpg,ZD1J
4937.jpg,PXRx
4938.jpg,D3oD
4939.jpg,g4Mi
4940.jpg,A1Ft
4941.jpg,kIZf
4942.jpg,b8Ei
4943.jpg,WycV
4944.jpg,LEn1
4945.jpg,lmCd
4946.jpg,kyJk
4947.jpg,lh2F
4948.jpg,IKTO
4949.jpg,jPBT
4950.jpg,1FXE
4951.jpg,uGAr
4952.jpg,KLzc
4953.jpg,Pw8s
4954.jpg,crRl
4955.jpg,olNd
4956.jpg,Iocc
4957.jpg,LxUm
4958.jpg,lofg
4959.jpg,QHY8
4960.jpg,RNic
4961.jpg,SKkB
4962.jpg,qHf9
4963.jpg,64z3
4964.jpg,GgiR
4965.jpg,5TQz
4966.jpg,wOWN
4967.jpg,B93f
4968.jpg,hEzq
4969.jpg,R21n
4970.jpg,1ItT
4971.jpg,XgDx
4972.jpg,JsTO
4973.jpg,uyaC
4974.jpg,xccd
4975.jpg,0ypm
4976.jpg,sPgC
4977.jpg,lkmL
4978.jpg,IZIE
4979.jpg,Tu19
4980.jpg,soJi
4981.jpg,VBd7
4982.jpg,4Gii
4983.jpg,nVdz
4984.jpg,yTYM
4985.jpg,R07E
4986.jpg,rApB
4987.jpg,hyhz
4988.jpg,bYxV
4989.jpg,qbYm
4990.jpg,yuiK
4991.jpg,5sxK
4992.jpg,mxpj
4993.jpg,fuqq
4994.jpg,BVY3
4995.jpg,0sNr
4996.jpg,x1mi
4997.jpg,2uki
4998.jpg,gCQU
4999.jpg,S0Kk
5000.jpg,i169
